Summary,Issue key,Issue id,Issue Type,Status,Project key,Project name,Project type,Project lead,Project lead id,Project description,Priority,Resolution,Assignee,Assignee Id,Reporter,Reporter Id,Creator,Creator Id,Created,Updated,Last Viewed,Resolved,Due date,Votes,Labels,Description,Environment,Watchers,Watchers,Watchers Id,Watchers Id,Original estimate,Remaining Estimate,Time Spent,Work Ratio,Σ Original Estimate,Σ Remaining Estimate,Σ Time Spent,Security Level,Attachment,Attachment,Custom field (Actual end),Custom field (Actual start),Custom field (Change reason),Custom field (Change risk),Custom field (Change type),Custom field (Development),Custom field (Epic Color),Custom field (Epic Link),Custom field (Epic Name),Custom field (Epic Status),Custom field (Impact),Custom field (Issue color),Custom field (Rank),Custom field (Request Type),Sprint,Sprint,Custom field (Start date),Custom field (Story point estimate),Custom field (Target end),Custom field (Target start),Custom field (Team),Custom field ([CHART] Date of First Response),Comment,Comment,Comment,Parent,Parent summary,Status Category
Configure CORS,BK-228,10227,Subtask,In Progress,BK,Bookeroo,software,Roman O'Brien,60f776bb411fae00708a2e57,,Medium,,Roman O'Brien,60f776bb411fae00708a2e57,Roman O'Brien,60f776bb411fae00708a2e57,Roman O'Brien,60f776bb411fae00708a2e57,23/Oct/21 10:56 PM,23/Oct/21 11:26 PM,23/Oct/21 11:48 PM,,,0,,,,Roman O'Brien,,60f776bb411fae00708a2e57,,,,,,,,,,,,,,,,,{},,,,,,,0|i000fe:,,Sprint 4,,,,,,,,,,,10063,Meta - Deployment,In Progress
Add Jest testing to CircleCI pipeline,BK-227,10226,Subtask,In Progress,BK,Bookeroo,software,Roman O'Brien,60f776bb411fae00708a2e57,,Medium,,Roman O'Brien,60f776bb411fae00708a2e57,Roman O'Brien,60f776bb411fae00708a2e57,Roman O'Brien,60f776bb411fae00708a2e57,22/Oct/21 5:44 PM,23/Oct/21 11:02 PM,23/Oct/21 11:48 PM,,,0,,,,Roman O'Brien,,60f776bb411fae00708a2e57,,,,,,,,,,,,,,,,,{},,,,,,,0|i000fj:,,Sprint 4,,,,,,,,,,,10063,Meta - Deployment,In Progress
Information Section,BK-226,10225,Subtask,Done,BK,Bookeroo,software,Roman O'Brien,60f776bb411fae00708a2e57,,Medium,Done,Allen Muthupunnackal Jose,60627fadafe465006a08f591,Roman O'Brien,60f776bb411fae00708a2e57,Roman O'Brien,60f776bb411fae00708a2e57,21/Oct/21 5:51 PM,23/Oct/21 4:19 PM,21/Oct/21 5:51 PM,23/Oct/21 4:19 PM,,0,,"* team name and names of members, with LINKS to Github repo, Trello/Notion board and CI tol\\ol pipeline, AWS deploynment for running application",,Roman O'Brien,,60f776bb411fae00708a2e57,,,,,,,,,,,,,,,,,{},,,,,,,0|i00176:,,Sprint 4,,,,,,,,,,,10216,Meta - Project Report,Done
Meeting Minutes,BK-225,10224,Subtask,Done,BK,Bookeroo,software,Roman O'Brien,60f776bb411fae00708a2e57,,Medium,Done,Roman O'Brien,60f776bb411fae00708a2e57,Roman O'Brien,60f776bb411fae00708a2e57,Roman O'Brien,60f776bb411fae00708a2e57,21/Oct/21 5:51 PM,23/Oct/21 10:39 PM,23/Oct/21 4:02 PM,23/Oct/21 10:39 PM,,0,,"* minutes of all meetings, including Spint Planning and Retro and Review plus logs of other communications (e.g., using Slack) --- remember that Module 2 contains suggested templates for minutes for all meeting types",,Roman O'Brien,,60f776bb411fae00708a2e57,,,,,,,,,,,,,,,,,{},,,,,,,0|i0011m:,,Sprint 4,,,,,,,,,,,10186,Meta - Deliverables,Done
Documentation of Testing,BK-224,10223,Subtask,Done,BK,Bookeroo,software,Roman O'Brien,60f776bb411fae00708a2e57,,Medium,Done,David Morrin,60f77761a248f0006a8f3f36,Roman O'Brien,60f776bb411fae00708a2e57,Roman O'Brien,60f776bb411fae00708a2e57,21/Oct/21 5:48 PM,23/Oct/21 11:26 PM,23/Oct/21 6:37 PM,23/Oct/21 11:26 PM,,0,,* documentation of acceptance test cases and evidence of test execution (when they were run; pass/fail status of each run),,Roman O'Brien,,60f776bb411fae00708a2e57,,,,,,,,,,,,,,,,,{},,,,,,,0|i00174:i,,Sprint 4,,,,,,,,22/Oct/21 5:39 PM;60f776bb411fae00708a2e57;Include a screenshot of {{mvn test}},,,10216,Meta - Project Report,Done
Diagram of Deployment Pipeline,BK-223,10222,Subtask,Done,BK,Bookeroo,software,Roman O'Brien,60f776bb411fae00708a2e57,,Medium,Done,Roman O'Brien,60f776bb411fae00708a2e57,Roman O'Brien,60f776bb411fae00708a2e57,Roman O'Brien,60f776bb411fae00708a2e57,21/Oct/21 5:48 PM,23/Oct/21 2:38 PM,23/Oct/21 2:37 PM,23/Oct/21 2:38 PM,,0,,"* a diagram of your Deployment pipeline setup: i.e,. CI/CD, steps in the pipeline, automation tools in the pipeline",,Roman O'Brien,,60f776bb411fae00708a2e57,,,,,,,,,,,,,,,,,{},,,,,,,0|i0017w:,,Sprint 4,,,,,,,,,,,10216,Meta - Project Report,Done
Description of Scrum Process,BK-222,10221,Subtask,Done,BK,Bookeroo,software,Roman O'Brien,60f776bb411fae00708a2e57,,Medium,Done,Roman O'Brien,60f776bb411fae00708a2e57,Roman O'Brien,60f776bb411fae00708a2e57,Roman O'Brien,60f776bb411fae00708a2e57,21/Oct/21 5:48 PM,23/Oct/21 3:42 PM,23/Oct/21 3:05 PM,23/Oct/21 3:42 PM,,0,,"* a description of your Scrum process: how often you met, who was Scrum Master",,Roman O'Brien,,60f776bb411fae00708a2e57,,,,,,,,,,,,,,,,,{},,,,,,,0|i0017t:,,Sprint 4,,,,,,,,,,,10216,Meta - Project Report,Done
Overview of Gitflow,BK-221,10220,Subtask,Done,BK,Bookeroo,software,Roman O'Brien,60f776bb411fae00708a2e57,,Medium,Done,Charlton Ho,607d65af1417e2006aaf4e81,Roman O'Brien,60f776bb411fae00708a2e57,Roman O'Brien,60f776bb411fae00708a2e57,21/Oct/21 5:48 PM,21/Oct/21 8:56 PM,21/Oct/21 5:49 PM,21/Oct/21 8:56 PM,,0,,* an overview of your Gitflow organisation and how often you committed,,Roman O'Brien,,60f776bb411fae00708a2e57,,,,,,,,,,,,,,,,,{},,,,,,,0|i0017y:,,Sprint 4,,,,,,,,,,,10216,Meta - Project Report,Done
Refactoring Report,BK-220,10219,Subtask,Done,BK,Bookeroo,software,Roman O'Brien,60f776bb411fae00708a2e57,,Medium,Done,Charlton Ho,607d65af1417e2006aaf4e81,Roman O'Brien,60f776bb411fae00708a2e57,Roman O'Brien,60f776bb411fae00708a2e57,21/Oct/21 5:47 PM,23/Oct/21 5:26 PM,23/Oct/21 12:01 PM,23/Oct/21 5:26 PM,,0,,"* a report describing any refactoring, including refactoring to a Design Pattern, if appropriate, as well as the ""smells"" that you found (i.e., purpose for refactoring)",,Roman O'Brien,,60f776bb411fae00708a2e57,,,,,,,,,,,,,,,,,{},,,,,,,0|i0017q:,,Sprint 4,,,,,,,,,,,10216,Meta - Project Report,Done
Diagram of Final System Architecture,BK-219,10218,Subtask,Done,BK,Bookeroo,software,Roman O'Brien,60f776bb411fae00708a2e57,,Medium,Done,Roman O'Brien,60f776bb411fae00708a2e57,Roman O'Brien,60f776bb411fae00708a2e57,Roman O'Brien,60f776bb411fae00708a2e57,21/Oct/21 5:47 PM,23/Oct/21 2:38 PM,23/Oct/21 2:31 PM,23/Oct/21 2:38 PM,,0,,"* a figure showing the final basic system architecture / design --- this does not need to be a UML diagram: a box-and-lines sketch architecture is fine; focus on the 3 tiers (front, backend, datastore) and what components are in each",,Roman O'Brien,,60f776bb411fae00708a2e57,,,,,,,,,,,,,,,,,{},,,,,,,0|i0017x:,,Sprint 4,,,,,,,,,,,10216,Meta - Project Report,Done
Vision Statement,BK-218,10217,Subtask,Done,BK,Bookeroo,software,Roman O'Brien,60f776bb411fae00708a2e57,,Medium,Done,David Morrin,60f77761a248f0006a8f3f36,Roman O'Brien,60f776bb411fae00708a2e57,Roman O'Brien,60f776bb411fae00708a2e57,21/Oct/21 5:47 PM,23/Oct/21 10:42 PM,23/Oct/21 5:03 PM,23/Oct/21 10:42 PM,,0,,"* a ""Vision"" statement, i.e., a description of the why the product is ""valuable"" (about 1/2 page)",,Roman O'Brien,,60f776bb411fae00708a2e57,,,,,,,,,,,,,,,,,{},,,,,,,0|i00175:,,Sprint 4,,,,,,,,,,,10216,Meta - Project Report,Done
Meta - Project Report,BK-217,10216,Story,Done,BK,Bookeroo,software,Roman O'Brien,60f776bb411fae00708a2e57,,Medium,Done,,,Roman O'Brien,60f776bb411fae00708a2e57,Roman O'Brien,60f776bb411fae00708a2e57,21/Oct/21 5:46 PM,23/Oct/21 11:26 PM,23/Oct/21 11:26 PM,23/Oct/21 11:26 PM,,0,,,,Roman O'Brien,,60f776bb411fae00708a2e57,,,,,,,,,,,,,,,,,{},,,,,,,0|i00172:,,Sprint 4,,,,,,,,,,,,,Done
AWS ECS Task Definitions + Services + Cluster,BK-216,10215,Subtask,Done,BK,Bookeroo,software,Roman O'Brien,60f776bb411fae00708a2e57,,Medium,Done,Roman O'Brien,60f776bb411fae00708a2e57,Roman O'Brien,60f776bb411fae00708a2e57,Roman O'Brien,60f776bb411fae00708a2e57,20/Oct/21 6:34 PM,23/Oct/21 4:05 PM,21/Oct/21 5:16 PM,23/Oct/21 4:05 PM,,0,,,,Roman O'Brien,,60f776bb411fae00708a2e57,,,,,,,,,,,,,,,,,{},,,,,,,0|i000e0:9,,Sprint 4,,,,,,,,,,,10063,Meta - Deployment,Done
AWS CodeBuild Project,BK-215,10214,Subtask,Done,BK,Bookeroo,software,Roman O'Brien,60f776bb411fae00708a2e57,,Medium,Done,Roman O'Brien,60f776bb411fae00708a2e57,Roman O'Brien,60f776bb411fae00708a2e57,Roman O'Brien,60f776bb411fae00708a2e57,20/Oct/21 6:33 PM,21/Oct/21 5:16 PM,20/Oct/21 6:34 PM,21/Oct/21 5:16 PM,,0,,,,Roman O'Brien,,60f776bb411fae00708a2e57,,,,,,,,,,,,,,,,,{},,,,,,,0|i000e0:r,,Sprint 4,,,,,,,,,,,10063,Meta - Deployment,Done
ABN pop up test,BK-214,10213,Subtask,Done,BK,Bookeroo,software,Roman O'Brien,60f776bb411fae00708a2e57,,Medium,Done,Charlton Ho,607d65af1417e2006aaf4e81,Charlton Ho,607d65af1417e2006aaf4e81,Charlton Ho,607d65af1417e2006aaf4e81,19/Oct/21 10:47 AM,19/Oct/21 11:05 AM,23/Oct/21 11:48 PM,19/Oct/21 11:05 AM,,0,,,,Charlton Ho,,607d65af1417e2006aaf4e81,,,,,,,,,,,,,,,,,{},,,,,,,0|i0016u:,,Sprint 4,,,,,,,,,,,10185,Meta - Testing,Done
User Validation tests,BK-213,10212,Subtask,Done,BK,Bookeroo,software,Roman O'Brien,60f776bb411fae00708a2e57,,Medium,Done,Charlton Ho,607d65af1417e2006aaf4e81,Charlton Ho,607d65af1417e2006aaf4e81,Charlton Ho,607d65af1417e2006aaf4e81,19/Oct/21 10:46 AM,19/Oct/21 11:07 AM,23/Oct/21 11:48 PM,19/Oct/21 11:07 AM,,0,,,,Charlton Ho,,607d65af1417e2006aaf4e81,,,,,,,,,,,,,,,,,{},,,,,,,0|i0016m:,,Sprint 4,,,,,,,,,,,10185,Meta - Testing,Done
Login React Test,BK-212,10211,Subtask,Done,BK,Bookeroo,software,Roman O'Brien,60f776bb411fae00708a2e57,,Medium,Done,Charlton Ho,607d65af1417e2006aaf4e81,Charlton Ho,607d65af1417e2006aaf4e81,Charlton Ho,607d65af1417e2006aaf4e81,19/Oct/21 10:45 AM,19/Oct/21 10:46 AM,23/Oct/21 11:48 PM,19/Oct/21 10:45 AM,,0,,,,Charlton Ho,,607d65af1417e2006aaf4e81,,,,,,,,,,,,,,,,,{},,,,,,,0|i0016e:,,Sprint 4,,,,,,,,,,,10185,Meta - Testing,Done
Register React Test,BK-211,10210,Subtask,Done,BK,Bookeroo,software,Roman O'Brien,60f776bb411fae00708a2e57,,Medium,Done,Charlton Ho,607d65af1417e2006aaf4e81,Charlton Ho,607d65af1417e2006aaf4e81,Charlton Ho,607d65af1417e2006aaf4e81,19/Oct/21 10:45 AM,19/Oct/21 10:45 AM,23/Oct/21 11:48 PM,19/Oct/21 10:45 AM,,0,,,,Charlton Ho,,607d65af1417e2006aaf4e81,,,,,,,,,,,,,,,,,{},,,,,,,0|i00166:,,Sprint 4,,,,,,,,,,,10185,Meta - Testing,Done
User Stories + Product Backlog,BK-210,10209,Subtask,In Progress,BK,Bookeroo,software,Roman O'Brien,60f776bb411fae00708a2e57,,Medium,,Roman O'Brien,60f776bb411fae00708a2e57,Roman O'Brien,60f776bb411fae00708a2e57,Roman O'Brien,60f776bb411fae00708a2e57,18/Oct/21 5:40 PM,23/Oct/21 11:47 PM,23/Oct/21 11:47 PM,,,0,,,,David Morrin,Roman O'Brien,60f77761a248f0006a8f3f36,60f776bb411fae00708a2e57,,,,,,,,,,,,,,,,{},,,,,,,0|i0015y:,,Sprint 4,,,,,,,2021-10-18 06:49:16.82,"18/Oct/21 5:49 PM;60f77761a248f0006a8f3f36;For Jira export

# Filters at top bar
# Advanced issue search
# Export top right
# Export all fields to excel",,,10186,Meta - Deliverables,In Progress
Project Report,BK-209,10208,Subtask,Done,BK,Bookeroo,software,Roman O'Brien,60f776bb411fae00708a2e57,,Medium,Done,,,Roman O'Brien,60f776bb411fae00708a2e57,Roman O'Brien,60f776bb411fae00708a2e57,18/Oct/21 5:39 PM,23/Oct/21 10:45 PM,23/Oct/21 10:45 PM,23/Oct/21 10:45 PM,,0,,See BK-217,,Roman O'Brien,,60f776bb411fae00708a2e57,,,,,,,,,,,,,,,,,{},,,,,,,0|i0011g:,,Sprint 4,,,,,,,,,,,10186,Meta - Deliverables,Done
Sprint Retrospective,BK-208,10207,Subtask,Done,BK,Bookeroo,software,Roman O'Brien,60f776bb411fae00708a2e57,,Medium,Done,Roman O'Brien,60f776bb411fae00708a2e57,Roman O'Brien,60f776bb411fae00708a2e57,Roman O'Brien,60f776bb411fae00708a2e57,18/Oct/21 5:37 PM,23/Oct/21 11:47 PM,23/Oct/21 4:05 PM,23/Oct/21 11:47 PM,,0,,,,Roman O'Brien,,60f776bb411fae00708a2e57,,,,,,,,,,,,,,,,,{},,,,,,,0|i0015i:,,Sprint 4,,,,,,,,,,,10186,Meta - Deliverables,Done
SearchResults component test,BK-207,10206,Subtask,In Progress,BK,Bookeroo,software,Roman O'Brien,60f776bb411fae00708a2e57,,Medium,,Charlton Ho,607d65af1417e2006aaf4e81,Charlton Ho,607d65af1417e2006aaf4e81,Charlton Ho,607d65af1417e2006aaf4e81,13/Oct/21 9:43 PM,13/Oct/21 9:43 PM,23/Oct/21 11:48 PM,,,0,,,,Charlton Ho,,607d65af1417e2006aaf4e81,,,,,,,,,,,,,,,,,{},,,,,,,0|i0015a:,,Sprint 4,,,,,,,,,,,10185,Meta - Testing,In Progress
Publisher upload book test,BK-206,10205,Subtask,Done,BK,Bookeroo,software,Roman O'Brien,60f776bb411fae00708a2e57,,Medium,Done,Charlton Ho,607d65af1417e2006aaf4e81,Charlton Ho,607d65af1417e2006aaf4e81,Charlton Ho,607d65af1417e2006aaf4e81,13/Oct/21 9:43 PM,19/Oct/21 10:46 AM,23/Oct/21 11:48 PM,19/Oct/21 10:46 AM,,0,,,,Charlton Ho,,607d65af1417e2006aaf4e81,,,,,,,,,,,,,,,,,{},,,,,,,0|i00152:,,Sprint 4,,,,,,,,,,,10185,Meta - Testing,Done
Configure Security Groups,BK-205,10204,Subtask,Done,BK,Bookeroo,software,Roman O'Brien,60f776bb411fae00708a2e57,,Medium,Done,Roman O'Brien,60f776bb411fae00708a2e57,Roman O'Brien,60f776bb411fae00708a2e57,Roman O'Brien,60f776bb411fae00708a2e57,13/Oct/21 5:45 PM,20/Oct/21 6:33 PM,20/Oct/21 6:33 PM,20/Oct/21 6:33 PM,,0,,,,Roman O'Brien,,60f776bb411fae00708a2e57,,,,,,,,,,,,,,,,,{},,,,,,,0|i000e1:,,Sprint 4,,,,,,,,,,,10063,Meta - Deployment,Done
Add User Back-End Testing,BK-204,10203,Subtask,In Progress,BK,Bookeroo,software,Roman O'Brien,60f776bb411fae00708a2e57,,Medium,,David Morrin,60f77761a248f0006a8f3f36,David Morrin,60f77761a248f0006a8f3f36,David Morrin,60f77761a248f0006a8f3f36,13/Oct/21 1:54 PM,13/Oct/21 1:54 PM,23/Oct/21 11:48 PM,,,0,,,,David Morrin,,60f77761a248f0006a8f3f36,,,,,,,,,,,,,,,,,{},,,,,,,0|i0014i:,,Sprint 4,,,,,,,,,,,10185,Meta - Testing,In Progress
Edit User Back-End Testing,BK-203,10202,Subtask,Done,BK,Bookeroo,software,Roman O'Brien,60f776bb411fae00708a2e57,,Medium,Done,David Morrin,60f77761a248f0006a8f3f36,David Morrin,60f77761a248f0006a8f3f36,David Morrin,60f77761a248f0006a8f3f36,13/Oct/21 1:54 PM,18/Oct/21 5:53 PM,23/Oct/21 11:48 PM,18/Oct/21 5:53 PM,,0,,,,David Morrin,,60f77761a248f0006a8f3f36,,,,,,,,,,,,,,,,,{},,,,,,,0|i0014m:,,Sprint 4,,,,,,,,,,,10185,Meta - Testing,Done
Edit Book Back-End Testing,BK-202,10201,Subtask,Done,BK,Bookeroo,software,Roman O'Brien,60f776bb411fae00708a2e57,,Medium,Done,David Morrin,60f77761a248f0006a8f3f36,David Morrin,60f77761a248f0006a8f3f36,David Morrin,60f77761a248f0006a8f3f36,13/Oct/21 1:53 PM,13/Oct/21 1:53 PM,23/Oct/21 11:48 PM,13/Oct/21 1:53 PM,,0,,,,David Morrin,,60f77761a248f0006a8f3f36,,,,,,,,,,,,,,,,,{},,,,,,,0|i0014e:,,Sprint 4,,,,,,,,,,,10185,Meta - Testing,Done
Component test for search,BK-201,10200,Subtask,Done,BK,Bookeroo,software,Roman O'Brien,60f776bb411fae00708a2e57,,Medium,Done,Charlton Ho,607d65af1417e2006aaf4e81,Charlton Ho,607d65af1417e2006aaf4e81,Charlton Ho,607d65af1417e2006aaf4e81,12/Oct/21 11:20 PM,12/Oct/21 11:20 PM,23/Oct/21 11:48 PM,12/Oct/21 11:20 PM,,0,,,,Charlton Ho,,607d65af1417e2006aaf4e81,,,,,,,,,,,,,,,,,{},,,,,,,0|i00146:,,Sprint 4,,,,,,,,,,,10185,Meta - Testing,Done
Establish AWS Users,BK-200,10199,Subtask,Done,BK,Bookeroo,software,Roman O'Brien,60f776bb411fae00708a2e57,,Medium,Done,Roman O'Brien,60f776bb411fae00708a2e57,Roman O'Brien,60f776bb411fae00708a2e57,Roman O'Brien,60f776bb411fae00708a2e57,12/Oct/21 3:42 PM,12/Oct/21 3:42 PM,23/Oct/21 11:48 PM,12/Oct/21 3:42 PM,,0,,,,Roman O'Brien,,60f776bb411fae00708a2e57,,,,,,,,,,,,,,,,,{},,,,,,,0|i0013y:,,Sprint 4,,,,,,,,,,,10063,Meta - Deployment,Done
AWS Pipeline,BK-199,10198,Subtask,Done,BK,Bookeroo,software,Roman O'Brien,60f776bb411fae00708a2e57,,Medium,Done,Roman O'Brien,60f776bb411fae00708a2e57,Roman O'Brien,60f776bb411fae00708a2e57,Roman O'Brien,60f776bb411fae00708a2e57,12/Oct/21 3:06 PM,21/Oct/21 5:16 PM,23/Oct/21 11:48 PM,21/Oct/21 5:16 PM,,0,,,,Roman O'Brien,,60f776bb411fae00708a2e57,,,,,,,,,,,,,,,,,{},,,,,,,0|i000e0:i,,Sprint 4,,,,,,,,,,,10063,Meta - Deployment,Done
Create ECR Repositories,BK-198,10197,Subtask,Done,BK,Bookeroo,software,Roman O'Brien,60f776bb411fae00708a2e57,,Medium,Done,Roman O'Brien,60f776bb411fae00708a2e57,Roman O'Brien,60f776bb411fae00708a2e57,Roman O'Brien,60f776bb411fae00708a2e57,12/Oct/21 3:05 PM,12/Oct/21 3:06 PM,23/Oct/21 11:48 PM,12/Oct/21 3:06 PM,,0,,,,Roman O'Brien,,60f776bb411fae00708a2e57,,,,,,,,,,,,,,,,,{},,,,,,,0|i000e7:,,Sprint 4,,,,,,,,,,,10063,Meta - Deployment,Done
Test axios get for selected book via bookid,BK-197,10196,Subtask,Done,BK,Bookeroo,software,Roman O'Brien,60f776bb411fae00708a2e57,,Medium,Done,Charlton Ho,607d65af1417e2006aaf4e81,Charlton Ho,607d65af1417e2006aaf4e81,Charlton Ho,607d65af1417e2006aaf4e81,10/Oct/21 9:14 PM,12/Oct/21 11:20 PM,23/Oct/21 11:48 PM,12/Oct/21 11:20 PM,,0,,,,Charlton Ho,,607d65af1417e2006aaf4e81,,,,,,,,,,,,,,,,,{},,,,,,,0|i0013i:,,Sprint 4,,,,,,,,,,,10185,Meta - Testing,Done
Test axios get for all search requirements,BK-196,10195,Subtask,Done,BK,Bookeroo,software,Roman O'Brien,60f776bb411fae00708a2e57,,Medium,Done,Charlton Ho,607d65af1417e2006aaf4e81,Charlton Ho,607d65af1417e2006aaf4e81,Charlton Ho,607d65af1417e2006aaf4e81,10/Oct/21 7:22 PM,10/Oct/21 8:56 PM,23/Oct/21 11:48 PM,10/Oct/21 8:56 PM,,0,,,,Charlton Ho,,607d65af1417e2006aaf4e81,,,,,,,,,,,,,,,,,{},,,,,,,0|i0013a:,,Sprint 4,,,,,,,,,,,10185,Meta - Testing,Done
Test axios post followed by a redirect to admin dashboard ,BK-195,10194,Subtask,Done,BK,Bookeroo,software,Roman O'Brien,60f776bb411fae00708a2e57,,Medium,Done,Charlton Ho,607d65af1417e2006aaf4e81,Charlton Ho,607d65af1417e2006aaf4e81,Charlton Ho,607d65af1417e2006aaf4e81,10/Oct/21 6:43 PM,13/Oct/21 9:43 PM,23/Oct/21 11:48 PM,13/Oct/21 9:43 PM,,0,,,,Charlton Ho,,607d65af1417e2006aaf4e81,,,,,,,,,,,,,,,,,{},,,,,,,0|i00132:,,Sprint 4,,,,,,,,,,,10185,Meta - Testing,Done
Update README.md,BK-194,10193,Subtask,Done,BK,Bookeroo,software,Roman O'Brien,60f776bb411fae00708a2e57,,Medium,Done,Roman O'Brien,60f776bb411fae00708a2e57,Roman O'Brien,60f776bb411fae00708a2e57,Roman O'Brien,60f776bb411fae00708a2e57,05/Oct/21 5:42 PM,23/Oct/21 10:56 PM,23/Oct/21 10:47 PM,23/Oct/21 10:56 PM,,0,,"* A README file on how to build, deploy and run your application",,Roman O'Brien,,60f776bb411fae00708a2e57,,,,,,,,,,,,,,,,,{},,,,,,,0|i0011d:,,Sprint 4,,,,,,,,,,,10186,Meta - Deliverables,Done
New Features Summary,BK-193,10192,Subtask,Done,BK,Bookeroo,software,Roman O'Brien,60f776bb411fae00708a2e57,,Medium,Done,Charlton Ho,607d65af1417e2006aaf4e81,Roman O'Brien,60f776bb411fae00708a2e57,Roman O'Brien,60f776bb411fae00708a2e57,05/Oct/21 5:42 PM,22/Oct/21 11:01 PM,23/Oct/21 4:18 PM,22/Oct/21 11:01 PM,,0,,"* a summary of new User Stories, new code and tests, new functionality (e.g., a list of new code/test files, names/numbers of user stories, short description of new functionality)",,Roman O'Brien,,60f776bb411fae00708a2e57,,,,,,,,,,,,,,,,,{},,,,,,,0|i0012m:,,Sprint 4,,,,,,,,,,,10186,Meta - Deliverables,Done
Contribution,BK-191,10190,Subtask,Done,BK,Bookeroo,software,Roman O'Brien,60f776bb411fae00708a2e57,,Medium,Done,David Morrin,60f77761a248f0006a8f3f36,Roman O'Brien,60f776bb411fae00708a2e57,Roman O'Brien,60f776bb411fae00708a2e57,05/Oct/21 5:41 PM,23/Oct/21 6:37 PM,23/Oct/21 3:51 PM,23/Oct/21 6:37 PM,,0,,,,Roman O'Brien,,60f776bb411fae00708a2e57,,,,,,,,,,,,,,,,,{},,,,,,,0|i0011q:,,Sprint 4,,,,,,,,,,,10186,Meta - Deliverables,Done
Form Test Strategy,BK-190,10189,Subtask,Done,BK,Bookeroo,software,Roman O'Brien,60f776bb411fae00708a2e57,,Medium,Done,Roman O'Brien,60f776bb411fae00708a2e57,Roman O'Brien,60f776bb411fae00708a2e57,Roman O'Brien,60f776bb411fae00708a2e57,05/Oct/21 5:39 PM,22/Oct/21 5:51 PM,23/Oct/21 11:48 PM,17/Oct/21 4:57 PM,,0,,,,Roman O'Brien,,60f776bb411fae00708a2e57,,,,,,,,,,,,,,,,,{},,,,,,,0|i0011y:,,Sprint 4,,,,,,,,,,,10186,Meta - Deliverables,Done
CircleCI Push Docker Images to ECR,BK-189,10188,Subtask,Done,BK,Bookeroo,software,Roman O'Brien,60f776bb411fae00708a2e57,,Medium,Done,Roman O'Brien,60f776bb411fae00708a2e57,Roman O'Brien,60f776bb411fae00708a2e57,Roman O'Brien,60f776bb411fae00708a2e57,05/Oct/21 5:38 PM,17/Oct/21 8:58 PM,23/Oct/21 11:48 PM,17/Oct/21 8:58 PM,,0,,,,Roman O'Brien,,60f776bb411fae00708a2e57,,,,,,,,,,,,,,,,,{},,,,,,,0|i000e3:,,Sprint 4,,,,,,,,,,,10063,Meta - Deployment,Done
Version Release on GitHub,BK-188,10187,Subtask,Done,BK,Bookeroo,software,Roman O'Brien,60f776bb411fae00708a2e57,,Medium,Done,Roman O'Brien,60f776bb411fae00708a2e57,Roman O'Brien,60f776bb411fae00708a2e57,Roman O'Brien,60f776bb411fae00708a2e57,05/Oct/21 5:37 PM,23/Oct/21 11:45 PM,22/Oct/21 5:43 PM,23/Oct/21 11:45 PM,,0,,,,Roman O'Brien,,60f776bb411fae00708a2e57,,,,,,,,,,,,,,,,,{},,,,,,,0|i0011b:,,Sprint 4,,,,,,,,,,,10186,Meta - Deliverables,Done
Meta - Deliverables,BK-187,10186,Story,In Progress,BK,Bookeroo,software,Roman O'Brien,60f776bb411fae00708a2e57,,Medium,,,,Roman O'Brien,60f776bb411fae00708a2e57,Roman O'Brien,60f776bb411fae00708a2e57,05/Oct/21 5:34 PM,21/Oct/21 5:53 PM,23/Oct/21 11:48 PM,,,0,,,,,,,,,,,,,,,,,,,,,,,{},,,,,,,0|i0011a:,,Sprint 4,,,,,,,,,,,,,In Progress
Meta - Testing,BK-186,10185,Story,In Progress,BK,Bookeroo,software,Roman O'Brien,60f776bb411fae00708a2e57,,High,,,,Roman O'Brien,60f776bb411fae00708a2e57,Roman O'Brien,60f776bb411fae00708a2e57,05/Oct/21 5:33 PM,22/Oct/21 5:51 PM,05/Oct/21 6:06 PM,,,0,,,,Roman O'Brien,,60f776bb411fae00708a2e57,,,,,,,,,,,,,,,,,{},,,,,,,0|i00174:,,Sprint 4,,,34.0,,,,,,,,,,In Progress
Establish Successful PUT Request Link from FrontEnd to BackEnd,BK-184,10183,Subtask,To Do,BK,Bookeroo,software,Roman O'Brien,60f776bb411fae00708a2e57,,Medium,,Roman O'Brien,60f776bb411fae00708a2e57,Roman O'Brien,60f776bb411fae00708a2e57,Roman O'Brien,60f776bb411fae00708a2e57,03/Oct/21 2:21 PM,21/Oct/21 5:52 PM,07/Oct/21 2:13 PM,,,0,,,,Roman O'Brien,,60f776bb411fae00708a2e57,,,,,,,,,,,,,,,,,{},,,,,,,0|i000u0:,,Sprint 3,Sprint 4,,,,,,,,,,10013,Admin - Edit Book,To Do
Add Link to Admin Dashboard,BK-183,10182,Subtask,To Do,BK,Bookeroo,software,Roman O'Brien,60f776bb411fae00708a2e57,,Medium,,,,Charlton Ho,607d65af1417e2006aaf4e81,Charlton Ho,607d65af1417e2006aaf4e81,02/Oct/21 9:35 PM,02/Oct/21 9:36 PM,23/Oct/21 11:48 PM,,,0,,,,Charlton Ho,,607d65af1417e2006aaf4e81,,,,,,,,,,,,,,,,,{},,,,,,,0|i0010m:,,Sprint 3,,,,,,,,,,,10009,Admin - Approve User Requests,To Do
JSON Date Formatting for GET Request ,BK-182,10181,Subtask,Done,BK,Bookeroo,software,Roman O'Brien,60f776bb411fae00708a2e57,,Medium,Done,Roman O'Brien,60f776bb411fae00708a2e57,Roman O'Brien,60f776bb411fae00708a2e57,Roman O'Brien,60f776bb411fae00708a2e57,02/Oct/21 9:01 PM,02/Oct/21 9:49 PM,02/Oct/21 9:42 PM,02/Oct/21 9:49 PM,,0,,Refactor to use *java.sql.Date* for *Book.publicationDate*,,Roman O'Brien,,60f776bb411fae00708a2e57,,,,,,,,,,,,,,,,,{},,,,,,,0|i000u2:,,Sprint 3,Sprint 4,,,,,,,,,,10013,Admin - Edit Book,Done
Logout Button,BK-181,10180,Subtask,To Do,BK,Bookeroo,software,Roman O'Brien,60f776bb411fae00708a2e57,,Medium,,,,Roman O'Brien,60f776bb411fae00708a2e57,Roman O'Brien,60f776bb411fae00708a2e57,02/Oct/21 8:36 PM,02/Oct/21 8:36 PM,23/Oct/21 11:48 PM,,,0,,,,Roman O'Brien,,60f776bb411fae00708a2e57,,,,,,,,,,,,,,,,,{},,,,,,,0|i00106:,,Sprint 3,,,,,,,,,,,10007,All Users - Login Function,To Do
Add New Fields to User Model,BK-180,10179,Subtask,Done,BK,Bookeroo,software,Roman O'Brien,60f776bb411fae00708a2e57,,Medium,Done,Roman O'Brien,60f776bb411fae00708a2e57,Roman O'Brien,60f776bb411fae00708a2e57,Roman O'Brien,60f776bb411fae00708a2e57,02/Oct/21 7:22 PM,02/Oct/21 8:53 PM,23/Oct/21 11:48 PM,02/Oct/21 8:53 PM,,0,,,,Roman O'Brien,,60f776bb411fae00708a2e57,,,,,,,,,,,,,,,,,{},,,,,,,0|i000mq:,,Sprint 3,,,,,,,,,,,10008,Admin - Add User,Done
Sprint Retrospective,BK-179,10178,Subtask,Done,BK,Bookeroo,software,Roman O'Brien,60f776bb411fae00708a2e57,,Medium,Done,,,Roman O'Brien,60f776bb411fae00708a2e57,Roman O'Brien,60f776bb411fae00708a2e57,02/Oct/21 7:19 PM,03/Oct/21 5:19 PM,23/Oct/21 11:48 PM,03/Oct/21 5:19 PM,,0,,,,Roman O'Brien,,60f776bb411fae00708a2e57,,,,,,,,,,,,,,,,,{},,,,,,,0|i000zi:,,Sprint 3,,,,,,,,,,,10154,Meta - Deliverables,Done
Authorization Relay for Review Requests,BK-178,10177,Subtask,To Do,BK,Bookeroo,software,Roman O'Brien,60f776bb411fae00708a2e57,,Medium,,,,David Morrin,60f77761a248f0006a8f3f36,David Morrin,60f77761a248f0006a8f3f36,02/Oct/21 10:54 AM,02/Oct/21 10:54 AM,23/Oct/21 11:48 PM,,,0,,,,David Morrin,,60f77761a248f0006a8f3f36,,,,,,,,,,,,,,,,,{},,,,,,,0|i000za:,,Sprint 3,,,,,,,,,,,10022,Customer - Add Review,To Do
Review Controller in Back-End,BK-177,10176,Subtask,In Progress,BK,Bookeroo,software,Roman O'Brien,60f776bb411fae00708a2e57,,Medium,,,,David Morrin,60f77761a248f0006a8f3f36,David Morrin,60f77761a248f0006a8f3f36,02/Oct/21 10:52 AM,02/Oct/21 10:53 AM,23/Oct/21 11:48 PM,,,0,,,,David Morrin,,60f77761a248f0006a8f3f36,,,,,,,,,,,,,,,,,{},,,,,,,0|i000z2:,,Sprint 3,,,,,,,,,,,10022,Customer - Add Review,In Progress
Review Model in Back-End,BK-176,10175,Subtask,In Progress,BK,Bookeroo,software,Roman O'Brien,60f776bb411fae00708a2e57,,Medium,,,,David Morrin,60f77761a248f0006a8f3f36,David Morrin,60f77761a248f0006a8f3f36,02/Oct/21 10:52 AM,02/Oct/21 10:52 AM,23/Oct/21 11:48 PM,,,0,,,,David Morrin,,60f77761a248f0006a8f3f36,,,,,,,,,,,,,,,,,{},,,,,,,0|i000yu:,,Sprint 3,,,,,,,,,,,10022,Customer - Add Review,In Progress
Redirect From Login Page after Successful Login,BK-175,10174,Subtask,To Do,BK,Bookeroo,software,Roman O'Brien,60f776bb411fae00708a2e57,,Medium,,,,Roman O'Brien,60f776bb411fae00708a2e57,Roman O'Brien,60f776bb411fae00708a2e57,01/Oct/21 1:07 PM,01/Oct/21 1:07 PM,23/Oct/21 11:48 PM,,,0,,,,Roman O'Brien,,60f776bb411fae00708a2e57,,,,,,,,,,,,,,,,,{},,,,,,,0|i000ym:,,Sprint 3,,,,,,,,,,,10007,All Users - Login Function,To Do
React Function Tests,BK-173,10172,Subtask,To Do,BK,Bookeroo,software,Roman O'Brien,60f776bb411fae00708a2e57,,Medium,,,,Roman O'Brien,60f776bb411fae00708a2e57,Roman O'Brien,60f776bb411fae00708a2e57,29/Sep/21 5:47 PM,29/Sep/21 5:47 PM,23/Oct/21 11:48 PM,,,0,,,,Roman O'Brien,,60f776bb411fae00708a2e57,,,,,,,,,,,,,,,,,{},,,,,,,0|i000ye:,,Sprint 3,,,,,,,,,,,10152,Meta - Security,To Do
Input Validation,BK-172,10171,Subtask,Done,BK,Bookeroo,software,Roman O'Brien,60f776bb411fae00708a2e57,,Medium,Done,Charlton Ho,607d65af1417e2006aaf4e81,Charlton Ho,607d65af1417e2006aaf4e81,Charlton Ho,607d65af1417e2006aaf4e81,29/Sep/21 5:09 PM,02/Oct/21 3:00 PM,23/Oct/21 11:48 PM,02/Oct/21 3:00 PM,,0,,,,Charlton Ho,,607d65af1417e2006aaf4e81,,,,,,,,,,,,,,,,,{},,,,,,,0|i000y6:,,Sprint 3,,,,,,,,,,,10012,Admin - Add Book,Done
UserService Methods for Getting User Information from LocalStorage,BK-171,10170,Subtask,Done,BK,Bookeroo,software,Roman O'Brien,60f776bb411fae00708a2e57,,Medium,Done,Roman O'Brien,60f776bb411fae00708a2e57,Roman O'Brien,60f776bb411fae00708a2e57,Roman O'Brien,60f776bb411fae00708a2e57,29/Sep/21 5:08 PM,03/Oct/21 3:21 PM,03/Oct/21 3:21 PM,29/Sep/21 5:08 PM,,0,,,,Roman O'Brien,,60f776bb411fae00708a2e57,,,,,,,,,,,,,,,,,{},,,,,,,0|i000v1:i,,Sprint 3,,,,,,,,,,,10152,Meta - Security,Done
Input validation for form,BK-170,10169,Subtask,Done,BK,Bookeroo,software,Roman O'Brien,60f776bb411fae00708a2e57,,Medium,Done,Charlton Ho,607d65af1417e2006aaf4e81,Charlton Ho,607d65af1417e2006aaf4e81,Charlton Ho,607d65af1417e2006aaf4e81,29/Sep/21 5:04 PM,29/Sep/21 8:50 PM,23/Oct/21 11:48 PM,29/Sep/21 8:50 PM,,0,,,,Charlton Ho,,607d65af1417e2006aaf4e81,,,,,,,,,,,,,,,,,{},,,,,,,0|i000xy:,,Sprint 3,,,,,,,,,,,10008,Admin - Add User,Done
New Publisher Register Form,BK-169,10168,Subtask,Done,BK,Bookeroo,software,Roman O'Brien,60f776bb411fae00708a2e57,,Medium,Done,Charlton Ho,607d65af1417e2006aaf4e81,Roman O'Brien,60f776bb411fae00708a2e57,Roman O'Brien,60f776bb411fae00708a2e57,29/Sep/21 11:25 AM,02/Oct/21 9:47 PM,02/Oct/21 9:46 PM,02/Oct/21 9:47 PM,,0,,Publically accessible register form for publishers to use.,,Roman O'Brien,,60f776bb411fae00708a2e57,,,,,,,,,,,,,,,,,{},,,,,,,0|i000p0:,,Sprint 3,Sprint 4,,,,,,,,,,10018,Publisher - Register Account,Done
Test Plan,BK-168,10167,Subtask,Done,BK,Bookeroo,software,Roman O'Brien,60f776bb411fae00708a2e57,,Medium,Done,,,Roman O'Brien,60f776bb411fae00708a2e57,Roman O'Brien,60f776bb411fae00708a2e57,29/Sep/21 10:01 AM,18/Oct/21 6:02 PM,03/Oct/21 5:19 PM,18/Oct/21 6:02 PM,,0,,Test Strategy - overview of which tests we’re performing,,Roman O'Brien,,60f776bb411fae00708a2e57,,,,,,,,,,,,,,,,,{},,,,,,,0|i000v6:,,Sprint 3,,,,,,,,,,,10154,Meta - Deliverables,Done
Configure React to Send JWT as Authentication for REST Requests,BK-165,10164,Subtask,Done,BK,Bookeroo,software,Roman O'Brien,60f776bb411fae00708a2e57,,Medium,Done,Roman O'Brien,60f776bb411fae00708a2e57,Roman O'Brien,60f776bb411fae00708a2e57,Roman O'Brien,60f776bb411fae00708a2e57,28/Sep/21 2:50 PM,29/Sep/21 10:55 AM,23/Oct/21 11:48 PM,29/Sep/21 10:55 AM,,0,,,,Roman O'Brien,,60f776bb411fae00708a2e57,,,,,,,,,,,,,,,,,{},,,,,,,0|i000v0:,,Sprint 3,,,,,,,,,,,10152,Meta - Security,Done
Implement Spring Security User Roles (replace User.accountRole),BK-164,10163,Subtask,Done,BK,Bookeroo,software,Roman O'Brien,60f776bb411fae00708a2e57,,Medium,Done,Roman O'Brien,60f776bb411fae00708a2e57,Roman O'Brien,60f776bb411fae00708a2e57,Roman O'Brien,60f776bb411fae00708a2e57,26/Sep/21 10:19 PM,29/Sep/21 10:34 AM,23/Oct/21 11:48 PM,29/Sep/21 10:34 AM,,0,,Users need proper Spring Security roles so that *http.authorizeRequests().hasRole()* can authorize properly - currently it is as if the users have no roles at all\!,,Roman O'Brien,,60f776bb411fae00708a2e57,,,,,,,,,,,,,,,,,{},,,,,,,0|i000uy:,,Sprint 3,,,,,,,,,,,10152,Meta - Security,Done
Implement Bookmicroservice API controller inside Authmicroservice - REST Request Relay,BK-163,10162,Subtask,Done,BK,Bookeroo,software,Roman O'Brien,60f776bb411fae00708a2e57,,Medium,Done,Roman O'Brien,60f776bb411fae00708a2e57,Roman O'Brien,60f776bb411fae00708a2e57,Roman O'Brien,60f776bb411fae00708a2e57,26/Sep/21 10:18 PM,30/Sep/21 2:59 PM,23/Oct/21 11:48 PM,30/Sep/21 2:59 PM,,0,,,,Roman O'Brien,,60f776bb411fae00708a2e57,,,,,,,,,,26/Sep/21 10:29 PM;ug:4c85b770-3a3c-4c90-9065-30919bd9be1f;IMG_1927.jpeg;https://sept-team3.atlassian.net/secure/attachment/10000/IMG_1927.jpeg,26/Sep/21 10:30 PM;ug:4c85b770-3a3c-4c90-9065-30919bd9be1f;IMG_1928.jpeg;https://sept-team3.atlassian.net/secure/attachment/10001/IMG_1928.jpeg,,,,,,{},,,,,,,0|i000v1:r,,Sprint 3,,,,,,,,,,,10152,Meta - Security,Done
Display Error when Login is Unsuccessful,BK-162,10161,Subtask,To Do,BK,Bookeroo,software,Roman O'Brien,60f776bb411fae00708a2e57,,Medium,,,,Roman O'Brien,60f776bb411fae00708a2e57,Roman O'Brien,60f776bb411fae00708a2e57,25/Sep/21 6:56 PM,25/Sep/21 6:56 PM,23/Oct/21 11:48 PM,,,0,,,,Roman O'Brien,,60f776bb411fae00708a2e57,,,,,,,,,,,,,,,,,{},,,,,,,0|i000we:,,Sprint 3,,,,,,,,,,,10007,All Users - Login Function,To Do
Validate that users may only login if they're approved,BK-160,10159,Subtask,Done,BK,Bookeroo,software,Roman O'Brien,60f776bb411fae00708a2e57,,Medium,Done,Roman O'Brien,60f776bb411fae00708a2e57,Roman O'Brien,60f776bb411fae00708a2e57,Roman O'Brien,60f776bb411fae00708a2e57,21/Sep/21 9:44 PM,25/Sep/21 10:20 PM,23/Oct/21 11:48 PM,25/Sep/21 10:20 PM,,0,,,,Roman O'Brien,,60f776bb411fae00708a2e57,,,,,,,,,,,,,,,,,{},,,,,,,0|i000w6:,,Sprint 3,,,,,,,,22/Sep/21 5:46 PM;60f776bb411fae00708a2e57;How does the backend communicate errors to the front-end?,"25/Sep/21 3:43 PM;60f776bb411fae00708a2e57;More elegant solution would be to not include non-approved users in the User database, so that they simply get a “user does not exist” error.",25/Sep/21 7:46 PM;60f776bb411fae00708a2e57;Is there a way to configure the Spring Security AuthenticationManagerBuilder so that it fails authentication on specific boolean values?,10007,All Users - Login Function,Done
Configure Appropriate Logging Levels,BK-159,10158,Subtask,Done,BK,Bookeroo,software,Roman O'Brien,60f776bb411fae00708a2e57,,Medium,Done,David Morrin,60f77761a248f0006a8f3f36,Roman O'Brien,60f776bb411fae00708a2e57,Roman O'Brien,60f776bb411fae00708a2e57,20/Sep/21 3:38 PM,23/Oct/21 11:26 PM,23/Oct/21 11:48 PM,23/Oct/21 11:26 PM,,0,,,,Roman O'Brien,,60f776bb411fae00708a2e57,,,,,,,,,,,,,,,,,{},,,,,,,0|i000vi:,,Sprint 4,,,,,,,,,,,10156,Meta - Logging,Done
Add Log4j 2 to SpringBoot Microservices,BK-158,10157,Subtask,Done,BK,Bookeroo,software,Roman O'Brien,60f776bb411fae00708a2e57,,Medium,Done,David Morrin,60f77761a248f0006a8f3f36,Roman O'Brien,60f776bb411fae00708a2e57,Roman O'Brien,60f776bb411fae00708a2e57,20/Sep/21 3:37 PM,22/Oct/21 5:48 PM,23/Oct/21 11:48 PM,22/Oct/21 5:48 PM,,0,,,,Roman O'Brien,,60f776bb411fae00708a2e57,,,,,,,,,,,,,,,,,{},,,,,,,0|i000vq:,,Sprint 4,,,,,,,,,,,10156,Meta - Logging,Done
Meta - Logging,BK-157,10156,Story,Done,BK,Bookeroo,software,Roman O'Brien,60f776bb411fae00708a2e57,,High,Done,David Morrin,60f77761a248f0006a8f3f36,Roman O'Brien,60f776bb411fae00708a2e57,Roman O'Brien,60f776bb411fae00708a2e57,20/Sep/21 3:36 PM,23/Oct/21 11:26 PM,23/Oct/21 11:26 PM,23/Oct/21 11:26 PM,,0,,,,Roman O'Brien,,60f776bb411fae00708a2e57,,,,,,,,,,,,,,,,,{},,,,,,,0|i0000x:,,Sprint 4,,,5.0,,,,,,,,,,Done
Refactoring Report,BK-156,10155,Subtask,Done,BK,Bookeroo,software,Roman O'Brien,60f776bb411fae00708a2e57,,Medium,Done,,,Roman O'Brien,60f776bb411fae00708a2e57,Roman O'Brien,60f776bb411fae00708a2e57,20/Sep/21 3:15 PM,18/Oct/21 6:02 PM,03/Oct/21 3:04 PM,18/Oct/21 6:02 PM,,0,,"Homy Lecture 20SEP2021:

* We should allocate time to refactoring per sprint (up to us)
* All team members should be refactoring
* Refactoring needs to be reported",,Roman O'Brien,,60f776bb411fae00708a2e57,,,,,,,,,,,,,,,,,{},,,,,,,0|i000va:,,Sprint 3,,,,,,,,,,,10154,Meta - Deliverables,Done
Meta - Deliverables,BK-155,10154,Story,Done,BK,Bookeroo,software,Roman O'Brien,60f776bb411fae00708a2e57,,Medium,Done,Roman O'Brien,60f776bb411fae00708a2e57,Roman O'Brien,60f776bb411fae00708a2e57,Roman O'Brien,60f776bb411fae00708a2e57,20/Sep/21 3:15 PM,18/Oct/21 6:02 PM,18/Oct/21 6:02 PM,18/Oct/21 6:02 PM,,0,,,,Roman O'Brien,,60f776bb411fae00708a2e57,,,,,,,,,,,,,,,,,{},,,,,,,0|i000v2:,,Sprint 3,,,,,,,,,,,,,Done
Authmicroservice Authorise REST Requests,BK-154,10153,Subtask,Done,BK,Bookeroo,software,Roman O'Brien,60f776bb411fae00708a2e57,,Medium,Done,Roman O'Brien,60f776bb411fae00708a2e57,Roman O'Brien,60f776bb411fae00708a2e57,Roman O'Brien,60f776bb411fae00708a2e57,20/Sep/21 10:56 AM,29/Sep/21 5:08 PM,23/Oct/21 11:48 PM,29/Sep/21 5:08 PM,,0,,"Authorise REST API requests based on user roles. 
e.g. ADMIN and PUBLISHER have access to /api/book/new, but not CUSTOMER

Configured with *http.authorizeRequests()* in *authmicroservice.security.SecurityConfig.java*
",,Roman O'Brien,,60f776bb411fae00708a2e57,,,,,,,,,,,,,,,,,{},,,,,,,0|i000v1:,,Sprint 3,,,,,,,,26/Sep/21 10:34 PM;60f776bb411fae00708a2e57;Add all user role access privileges from *Sprint0/Sitemap*,,,10152,Meta - Security,Done
Meta - Security,BK-153,10152,Story,Done,BK,Bookeroo,software,Roman O'Brien,60f776bb411fae00708a2e57,,Medium,Done,Roman O'Brien,60f776bb411fae00708a2e57,Roman O'Brien,60f776bb411fae00708a2e57,Roman O'Brien,60f776bb411fae00708a2e57,20/Sep/21 10:56 AM,05/Oct/21 5:33 PM,05/Oct/21 5:33 PM,05/Oct/21 5:33 PM,,0,,,,Roman O'Brien,,60f776bb411fae00708a2e57,,,,,,,,,,,,,,,,,{},,,,,,,0|i000um:,,Sprint 3,,,,,,,,,,,,,Done
Authorise POST Request (Must be Admin),BK-152,10151,Subtask,To Do,BK,Bookeroo,software,Roman O'Brien,60f776bb411fae00708a2e57,,Medium,,Roman O'Brien,60f776bb411fae00708a2e57,Roman O'Brien,60f776bb411fae00708a2e57,Roman O'Brien,60f776bb411fae00708a2e57,20/Sep/21 10:55 AM,30/Sep/21 3:06 PM,23/Oct/21 11:48 PM,,,0,,,,Roman O'Brien,,60f776bb411fae00708a2e57,,,,,,,,,,,,,,,,,{},,,,,,,0|i000ue:,,Sprint 3,,,,,,,,,,,10012,Admin - Add Book,To Do
Authorise PUT Request (Must be Admin),BK-151,10150,Subtask,Done,BK,Bookeroo,software,Roman O'Brien,60f776bb411fae00708a2e57,,Medium,Done,Roman O'Brien,60f776bb411fae00708a2e57,Roman O'Brien,60f776bb411fae00708a2e57,Roman O'Brien,60f776bb411fae00708a2e57,20/Sep/21 10:53 AM,04/Oct/21 12:19 AM,23/Oct/21 11:48 PM,04/Oct/21 12:19 AM,,0,,,,Roman O'Brien,,60f776bb411fae00708a2e57,,,,,,,,,,,,,,,,,{},,,,,,,0|i000te:,,Sprint 3,Sprint 4,,,,,,,,,,10013,Admin - Edit Book,Done
PUT Request Mapping for Updating Pre-existing Book,BK-150,10149,Subtask,Done,BK,Bookeroo,software,Roman O'Brien,60f776bb411fae00708a2e57,,Medium,Done,David Morrin,60f77761a248f0006a8f3f36,Roman O'Brien,60f776bb411fae00708a2e57,Roman O'Brien,60f776bb411fae00708a2e57,20/Sep/21 10:53 AM,07/Oct/21 3:29 PM,23/Oct/21 11:48 PM,07/Oct/21 3:29 PM,,0,,,,Roman O'Brien,,60f776bb411fae00708a2e57,,,,,,,,,,,,,,,,,{},,,,,,,0|i000tc:,,Sprint 3,Sprint 4,,,,,,,,,,10013,Admin - Edit Book,Done
Pre-fill Edit Book Page with Book Information from Search GET Request,BK-149,10148,Subtask,Done,BK,Bookeroo,software,Roman O'Brien,60f776bb411fae00708a2e57,,Medium,Done,Charlton Ho,607d65af1417e2006aaf4e81,Roman O'Brien,60f776bb411fae00708a2e57,Roman O'Brien,60f776bb411fae00708a2e57,20/Sep/21 10:52 AM,03/Oct/21 12:32 PM,23/Oct/21 11:48 PM,03/Oct/21 12:32 PM,,0,,,,Roman O'Brien,,60f776bb411fae00708a2e57,,,,,,,,,,,,,,,,,{},,,,,,,0|i000tq:,,Sprint 3,Sprint 4,,,,,,,,,,10013,Admin - Edit Book,Done
Admin View Book Page (Inherent Edit Functionality),BK-148,10147,Subtask,Done,BK,Bookeroo,software,Roman O'Brien,60f776bb411fae00708a2e57,,Medium,Done,Charlton Ho,607d65af1417e2006aaf4e81,Roman O'Brien,60f776bb411fae00708a2e57,Roman O'Brien,60f776bb411fae00708a2e57,20/Sep/21 10:52 AM,03/Oct/21 12:32 PM,23/Oct/21 11:48 PM,03/Oct/21 12:32 PM,,0,,,,Roman O'Brien,,60f776bb411fae00708a2e57,,,,,,,,,,,,,,,,,{},,,,,,,0|i000ti:,,Sprint 3,Sprint 4,,,,,,,,,,10013,Admin - Edit Book,Done
Admin add book page,BK-147,10146,Subtask,Done,BK,Bookeroo,software,Roman O'Brien,60f776bb411fae00708a2e57,,Medium,Done,Charlton Ho,607d65af1417e2006aaf4e81,Charlton Ho,607d65af1417e2006aaf4e81,Charlton Ho,607d65af1417e2006aaf4e81,20/Sep/21 10:51 AM,29/Sep/21 5:10 PM,23/Oct/21 11:48 PM,29/Sep/21 5:10 PM,,0,,,,Charlton Ho,,607d65af1417e2006aaf4e81,,,,,,,,,,,,,,,,,{},,,,,,,0|i000ta:,,Sprint 3,,,,,,,,,,,10012,Admin - Add Book,Done
DELETE Request to Drop User's Books from Database,BK-146,10145,Subtask,To Do,BK,Bookeroo,software,Roman O'Brien,60f776bb411fae00708a2e57,,Medium,,,,Roman O'Brien,60f776bb411fae00708a2e57,Roman O'Brien,60f776bb411fae00708a2e57,20/Sep/21 10:50 AM,29/Sep/21 5:47 PM,02/Oct/21 10:22 PM,,,0,,,,Roman O'Brien,,60f776bb411fae00708a2e57,,,,,,,,,,,,,,,,,{},,,,,,,0|i000t2:,,Sprint 3,,,,,,,,,,,10010,Admin - Delete User,To Do
Authorise PUT Request (Must be Admin),BK-144,10143,Subtask,To Do,BK,Bookeroo,software,Roman O'Brien,60f776bb411fae00708a2e57,,Medium,,Roman O'Brien,60f776bb411fae00708a2e57,Roman O'Brien,60f776bb411fae00708a2e57,Roman O'Brien,60f776bb411fae00708a2e57,20/Sep/21 10:49 AM,30/Sep/21 3:06 PM,23/Oct/21 11:48 PM,,,0,,,,Roman O'Brien,,60f776bb411fae00708a2e57,,,,,,,,,,,,,,,,,{},,,,,,,0|i000sm:,,Sprint 3,,,,,,,,,,,10010,Admin - Delete User,To Do
DELETE Request to Drop User Review from Database,BK-143,10142,Subtask,To Do,BK,Bookeroo,software,Roman O'Brien,60f776bb411fae00708a2e57,,Medium,,,,Roman O'Brien,60f776bb411fae00708a2e57,Roman O'Brien,60f776bb411fae00708a2e57,20/Sep/21 10:49 AM,29/Sep/21 5:46 PM,23/Oct/21 11:48 PM,,,0,,,,Roman O'Brien,,60f776bb411fae00708a2e57,,,,,,,,,,,,,,,,,{},,,,,,,0|i000se:,,Sprint 3,,,,,,,,,,,10010,Admin - Delete User,To Do
Set Publisher Upload Book to Send Publisher User Email,BK-140,10139,Subtask,To Do,BK,Bookeroo,software,Roman O'Brien,60f776bb411fae00708a2e57,,Medium,,,,David Morrin,60f77761a248f0006a8f3f36,David Morrin,60f77761a248f0006a8f3f36,20/Sep/21 10:48 AM,20/Sep/21 10:48 AM,23/Oct/21 11:48 PM,,,0,,,,David Morrin,,60f77761a248f0006a8f3f36,,,,,,,,,,,,,,,,,{},,,,,,,0|i000rq:,,Sprint 3,,,,,,,,,,,10012,Admin - Add Book,To Do
DELETE Request to Drop User from Database,BK-139,10138,Subtask,Done,BK,Bookeroo,software,Roman O'Brien,60f776bb411fae00708a2e57,,Medium,Done,Allen Muthupunnackal Jose,60627fadafe465006a08f591,Roman O'Brien,60f776bb411fae00708a2e57,Roman O'Brien,60f776bb411fae00708a2e57,20/Sep/21 10:48 AM,30/Sep/21 7:12 PM,23/Oct/21 11:48 PM,30/Sep/21 7:12 PM,,0,,,,Roman O'Brien,,60f776bb411fae00708a2e57,,,,,,,,,,,,,,,,,{},,,,,,,0|i000ri:,,Sprint 3,,,,,,,,,,,10010,Admin - Delete User,Done
Delete User Button on Admin View All Users Page,BK-138,10137,Subtask,To Do,BK,Bookeroo,software,Roman O'Brien,60f776bb411fae00708a2e57,,Medium,,,,Roman O'Brien,60f776bb411fae00708a2e57,Roman O'Brien,60f776bb411fae00708a2e57,20/Sep/21 10:47 AM,20/Sep/21 10:47 AM,23/Oct/21 11:48 PM,,,0,,,,Roman O'Brien,,60f776bb411fae00708a2e57,,,,,,,,,,,,,,,,,{},,,,,,,0|i000ra:,,Sprint 3,,,,,,,,,,,10010,Admin - Delete User,To Do
Search Publisher Users for Email Match,BK-137,10136,Subtask,To Do,BK,Bookeroo,software,Roman O'Brien,60f776bb411fae00708a2e57,,Medium,,,,David Morrin,60f77761a248f0006a8f3f36,David Morrin,60f77761a248f0006a8f3f36,20/Sep/21 10:47 AM,20/Sep/21 10:47 AM,23/Oct/21 11:48 PM,,,0,,,,David Morrin,,60f77761a248f0006a8f3f36,,,,,,,,,,,,,,,,,{},,,,,,,0|i000r2:,,Sprint 3,,,,,,,,,,,10012,Admin - Add Book,To Do
PUT Request For Updating User in Database,BK-136,10135,Subtask,Done,BK,Bookeroo,software,Roman O'Brien,60f776bb411fae00708a2e57,,Medium,Done,Allen Muthupunnackal Jose,60627fadafe465006a08f591,Roman O'Brien,60f776bb411fae00708a2e57,Roman O'Brien,60f776bb411fae00708a2e57,20/Sep/21 10:45 AM,30/Sep/21 7:12 PM,23/Oct/21 11:48 PM,30/Sep/21 7:12 PM,,0,,,,Roman O'Brien,,60f776bb411fae00708a2e57,,,,,,,,,,,,,,,,,{},,,,,,,0|i000qu:,,Sprint 3,,,,,,,,,,,10011,Admin - Edit User,Done
Admin View & Edit User Page,BK-135,10134,Subtask,To Do,BK,Bookeroo,software,Roman O'Brien,60f776bb411fae00708a2e57,,Medium,,Charlton Ho,607d65af1417e2006aaf4e81,Roman O'Brien,60f776bb411fae00708a2e57,Roman O'Brien,60f776bb411fae00708a2e57,20/Sep/21 10:44 AM,03/Oct/21 12:33 PM,23/Oct/21 11:48 PM,,,0,,,,Roman O'Brien,,60f776bb411fae00708a2e57,,,,,,,,,,,,,,,,,{},,,,,,,0|i000qm:,,Sprint 3,,,,,,,,,,,10011,Admin - Edit User,To Do
Authorisation for GET Requests,BK-134,10133,Subtask,To Do,BK,Bookeroo,software,Roman O'Brien,60f776bb411fae00708a2e57,,Medium,,Roman O'Brien,60f776bb411fae00708a2e57,Roman O'Brien,60f776bb411fae00708a2e57,Roman O'Brien,60f776bb411fae00708a2e57,20/Sep/21 10:44 AM,30/Sep/21 3:06 PM,23/Oct/21 11:48 PM,,,0,,,,Roman O'Brien,,60f776bb411fae00708a2e57,,,,,,,,,,,,,,,,,{},,,,,,,0|i000qe:,,Sprint 3,,,,,,,,,,,10011,Admin - Edit User,To Do
GET Request for Specific User,BK-133,10132,Subtask,Done,BK,Bookeroo,software,Roman O'Brien,60f776bb411fae00708a2e57,,Medium,Done,Allen Muthupunnackal Jose,60627fadafe465006a08f591,Roman O'Brien,60f776bb411fae00708a2e57,Roman O'Brien,60f776bb411fae00708a2e57,20/Sep/21 10:44 AM,28/Sep/21 7:09 PM,23/Oct/21 11:48 PM,28/Sep/21 7:09 PM,,0,,,,Roman O'Brien,,60f776bb411fae00708a2e57,,,,,,,,,,,,,,,,,{},,,,,,,0|i000q6:,,Sprint 3,,,,,,,,,,,10011,Admin - Edit User,Done
Approve User PUT Mapping,BK-132,10131,Subtask,Done,BK,Bookeroo,software,Roman O'Brien,60f776bb411fae00708a2e57,,Medium,Done,David Morrin,60f77761a248f0006a8f3f36,David Morrin,60f77761a248f0006a8f3f36,David Morrin,60f77761a248f0006a8f3f36,20/Sep/21 10:43 AM,28/Sep/21 11:09 PM,23/Oct/21 11:48 PM,28/Sep/21 4:42 AM,,0,,,,David Morrin,,60f77761a248f0006a8f3f36,,,,,,,,,,,,,,,,,{},,,,,,,0|i000py:,,Sprint 3,,,,,,,,,,,10009,Admin - Approve User Requests,Done
GET Request for All Users,BK-131,10130,Subtask,Done,BK,Bookeroo,software,Roman O'Brien,60f776bb411fae00708a2e57,,Medium,Done,Allen Muthupunnackal Jose,60627fadafe465006a08f591,Roman O'Brien,60f776bb411fae00708a2e57,Roman O'Brien,60f776bb411fae00708a2e57,20/Sep/21 10:43 AM,28/Sep/21 7:08 PM,23/Oct/21 11:48 PM,28/Sep/21 7:08 PM,,0,,,,Roman O'Brien,,60f776bb411fae00708a2e57,,,,,,,,,,,,,,,,,{},,,,,,,0|i000pq:,,Sprint 3,,,,,,,,,,,10011,Admin - Edit User,Done
Admin View All Users Page,BK-130,10129,Subtask,To Do,BK,Bookeroo,software,Roman O'Brien,60f776bb411fae00708a2e57,,Medium,,Charlton Ho,607d65af1417e2006aaf4e81,Roman O'Brien,60f776bb411fae00708a2e57,Roman O'Brien,60f776bb411fae00708a2e57,20/Sep/21 10:43 AM,23/Sep/21 7:15 PM,23/Oct/21 11:48 PM,,,0,,,,Roman O'Brien,,60f776bb411fae00708a2e57,,,,,,,,,,,,,,,,,{},,,,,,,0|i000pi:,,Sprint 3,,,,,,,,,,,10011,Admin - Edit User,To Do
Default Publisher Register Account Not Approved,BK-129,10128,Subtask,Done,BK,Bookeroo,software,Roman O'Brien,60f776bb411fae00708a2e57,,Medium,Done,Roman O'Brien,60f776bb411fae00708a2e57,Roman O'Brien,60f776bb411fae00708a2e57,Roman O'Brien,60f776bb411fae00708a2e57,20/Sep/21 10:41 AM,21/Sep/21 9:57 PM,23/Oct/21 11:48 PM,21/Sep/21 9:57 PM,,0,,,,Roman O'Brien,,60f776bb411fae00708a2e57,,,,,,,,,,,,,,,,,{},,,,,,,0|i000oy:,,Sprint 3,Sprint 4,,,,,,,,,,10018,Publisher - Register Account,Done
List of Users Awaiting Approval GET Mapping,BK-128,10127,Subtask,Done,BK,Bookeroo,software,Roman O'Brien,60f776bb411fae00708a2e57,,Medium,Done,David Morrin,60f77761a248f0006a8f3f36,David Morrin,60f77761a248f0006a8f3f36,David Morrin,60f77761a248f0006a8f3f36,20/Sep/21 10:41 AM,28/Sep/21 11:09 PM,23/Oct/21 11:48 PM,28/Sep/21 4:42 AM,,0,,,,David Morrin,,60f77761a248f0006a8f3f36,,,,,,,,,,,,,,,,,{},,,,,,,0|i000p2:,,Sprint 3,,,,,,,,,,,10009,Admin - Approve User Requests,Done
"New Boolean Field in Users Database (""APPROVED"")",BK-127,10126,Subtask,Done,BK,Bookeroo,software,Roman O'Brien,60f776bb411fae00708a2e57,,Medium,Done,Roman O'Brien,60f776bb411fae00708a2e57,Roman O'Brien,60f776bb411fae00708a2e57,Roman O'Brien,60f776bb411fae00708a2e57,20/Sep/21 10:41 AM,21/Sep/21 9:55 PM,23/Oct/21 11:48 PM,21/Sep/21 9:55 PM,,0,,,,Roman O'Brien,,60f776bb411fae00708a2e57,,,,,,,,,,,,,,,,,{},,,,,,,0|i000ou:,,Sprint 3,Sprint 4,,,,,,,,,,10018,Publisher - Register Account,Done
Admin Approve User Requests Page,BK-126,10125,Subtask,To Do,BK,Bookeroo,software,Roman O'Brien,60f776bb411fae00708a2e57,,Medium,,,,Roman O'Brien,60f776bb411fae00708a2e57,Roman O'Brien,60f776bb411fae00708a2e57,20/Sep/21 10:40 AM,20/Sep/21 10:40 AM,23/Oct/21 11:48 PM,,,0,,,,Roman O'Brien,,60f776bb411fae00708a2e57,,,,,,,,,,,,,,,,,{},,,,,,,0|i000om:,,Sprint 3,,,,,,,,,,,10009,Admin - Approve User Requests,To Do
React Testing,BK-124,10123,Subtask,To Do,BK,Bookeroo,software,Roman O'Brien,60f776bb411fae00708a2e57,,Medium,,,,Charlton Ho,607d65af1417e2006aaf4e81,Charlton Ho,607d65af1417e2006aaf4e81,20/Sep/21 10:40 AM,20/Sep/21 10:40 AM,23/Oct/21 11:48 PM,,,0,,,,Charlton Ho,,607d65af1417e2006aaf4e81,,,,,,,,,,,,,,,,,{},,,,,,,0|i000o6:,,Sprint 3,,,,,,,,,,,10022,Customer - Add Review,To Do
Automatically Approve Account Role,BK-123,10122,Subtask,Done,BK,Bookeroo,software,Roman O'Brien,60f776bb411fae00708a2e57,,Medium,Done,Roman O'Brien,60f776bb411fae00708a2e57,Roman O'Brien,60f776bb411fae00708a2e57,Roman O'Brien,60f776bb411fae00708a2e57,20/Sep/21 10:40 AM,02/Oct/21 8:53 PM,23/Oct/21 11:48 PM,02/Oct/21 8:53 PM,,0,,,,Roman O'Brien,,60f776bb411fae00708a2e57,,,,,,,,,,,,,,,,,{},,,,,,,0|i000mo:,,Sprint 3,,,,,,,,,,,10008,Admin - Add User,Done
React Testing,BK-122,10121,Subtask,To Do,BK,Bookeroo,software,Roman O'Brien,60f776bb411fae00708a2e57,,Medium,,,,Charlton Ho,607d65af1417e2006aaf4e81,Charlton Ho,607d65af1417e2006aaf4e81,20/Sep/21 10:40 AM,20/Sep/21 10:40 AM,23/Oct/21 11:48 PM,,,0,,,,Charlton Ho,,607d65af1417e2006aaf4e81,,,,,,,,,,,,,,,,,{},,,,,,,0|i000nq:,,Sprint 3,,,,,,,,,,,10007,All Users - Login Function,To Do
Authorise Admin Add User POST Request,BK-121,10120,Subtask,Done,BK,Bookeroo,software,Roman O'Brien,60f776bb411fae00708a2e57,,Medium,Done,Roman O'Brien,60f776bb411fae00708a2e57,Roman O'Brien,60f776bb411fae00708a2e57,Roman O'Brien,60f776bb411fae00708a2e57,20/Sep/21 10:39 AM,02/Oct/21 8:53 PM,23/Oct/21 11:48 PM,02/Oct/21 8:53 PM,,0,,,,Roman O'Brien,,60f776bb411fae00708a2e57,,,,,,,,,,,,,,,,,{},,,,,,,0|i000mn:,,Sprint 3,,,,,,,,,,,10008,Admin - Add User,Done
disable form if not logged in,BK-120,10119,Subtask,To Do,BK,Bookeroo,software,Roman O'Brien,60f776bb411fae00708a2e57,,Medium,,,,Charlton Ho,607d65af1417e2006aaf4e81,Charlton Ho,607d65af1417e2006aaf4e81,20/Sep/21 10:39 AM,20/Sep/21 10:39 AM,23/Oct/21 11:48 PM,,,0,,,,Charlton Ho,,607d65af1417e2006aaf4e81,,,,,,,,,,,,,,,,,{},,,,,,,0|i000na:,,Sprint 3,,,,,,,,,,,10022,Customer - Add Review,To Do
Admin Add User Page,BK-119,10118,Subtask,Done,BK,Bookeroo,software,Roman O'Brien,60f776bb411fae00708a2e57,,Medium,Done,Charlton Ho,607d65af1417e2006aaf4e81,Roman O'Brien,60f776bb411fae00708a2e57,Roman O'Brien,60f776bb411fae00708a2e57,20/Sep/21 10:39 AM,29/Sep/21 8:50 PM,23/Oct/21 11:48 PM,29/Sep/21 8:50 PM,,0,,,,Roman O'Brien,,60f776bb411fae00708a2e57,,,,,,,,,,,,,,,,,{},,,,,,,0|i000n2:,,Sprint 3,,,,,,,,,,,10008,Admin - Add User,Done
Admin Functions Page (includes all buttons to required pages),BK-118,10117,Subtask,Done,BK,Bookeroo,software,Roman O'Brien,60f776bb411fae00708a2e57,,Medium,Done,Charlton Ho,607d65af1417e2006aaf4e81,Roman O'Brien,60f776bb411fae00708a2e57,Roman O'Brien,60f776bb411fae00708a2e57,20/Sep/21 10:39 AM,23/Sep/21 7:13 PM,23/Oct/21 11:48 PM,23/Sep/21 7:13 PM,,0,,,,Roman O'Brien,,60f776bb411fae00708a2e57,,,,,,,,,,,,,,,,,{},,,,,,,0|i000mu:,,Sprint 3,,,,,,,,,,,10008,Admin - Add User,Done
post request to send review to backend,BK-117,10116,Subtask,To Do,BK,Bookeroo,software,Roman O'Brien,60f776bb411fae00708a2e57,,Medium,,,,Charlton Ho,607d65af1417e2006aaf4e81,Charlton Ho,607d65af1417e2006aaf4e81,20/Sep/21 10:36 AM,20/Sep/21 10:36 AM,23/Oct/21 11:48 PM,,,0,,,,Charlton Ho,,607d65af1417e2006aaf4e81,,,,,,,,,,,,,,,,,{},,,,,,,0|i000mm:,,Sprint 3,,,,,,,,,,,10022,Customer - Add Review,To Do
Display review added and existing reviews ,BK-116,10115,Subtask,To Do,BK,Bookeroo,software,Roman O'Brien,60f776bb411fae00708a2e57,,Medium,,,,Charlton Ho,607d65af1417e2006aaf4e81,Charlton Ho,607d65af1417e2006aaf4e81,20/Sep/21 10:34 AM,20/Sep/21 10:37 AM,23/Oct/21 11:48 PM,,,0,,,,Charlton Ho,,607d65af1417e2006aaf4e81,,,,,,,,,,,,,,,,,{},,,,,,,0|i000me:,,Sprint 3,,,,,,,,,,,10022,Customer - Add Review,To Do
Review Form Under Book Info page,BK-115,10114,Subtask,To Do,BK,Bookeroo,software,Roman O'Brien,60f776bb411fae00708a2e57,,Medium,,,,Charlton Ho,607d65af1417e2006aaf4e81,Charlton Ho,607d65af1417e2006aaf4e81,20/Sep/21 10:34 AM,20/Sep/21 10:35 AM,23/Oct/21 11:48 PM,,,0,,,,Charlton Ho,,607d65af1417e2006aaf4e81,,,,,,,,,,,,,,,,,{},,,,,,,0|i000m6:,,Sprint 3,,,,,,,,,,,10022,Customer - Add Review,To Do
Register Input Validation,BK-114,10113,Subtask,Done,BK,Bookeroo,software,Roman O'Brien,60f776bb411fae00708a2e57,,Medium,Done,Roman O'Brien,60f776bb411fae00708a2e57,Roman O'Brien,60f776bb411fae00708a2e57,Roman O'Brien,60f776bb411fae00708a2e57,18/Sep/21 6:32 PM,18/Sep/21 6:32 PM,23/Oct/21 11:48 PM,18/Sep/21 6:32 PM,,0,,,,Roman O'Brien,,60f776bb411fae00708a2e57,,,,,,,,,,,,,,,,,{},,,,,,,0|i000fl:,,Sprint 02,,,,,,,,,,,10017,Customer - Register Account,Done
Export Slack Meeting Minutes,BK-111,10110,Subtask,Done,BK,Bookeroo,software,Roman O'Brien,60f776bb411fae00708a2e57,,Medium,Done,Roman O'Brien,60f776bb411fae00708a2e57,Roman O'Brien,60f776bb411fae00708a2e57,Roman O'Brien,60f776bb411fae00708a2e57,17/Sep/21 6:13 PM,18/Sep/21 10:05 PM,23/Oct/21 11:48 PM,18/Sep/21 10:05 PM,,0,,,,Roman O'Brien,,60f776bb411fae00708a2e57,,,,,,,,,,,,,,,,,{},,,,,,,0|i000lt:,,Sprint 02,,,,,,,,,,,10104,Meta - Milestone 2 Deliverables,Done
New User Story Summary,BK-110,10109,Subtask,Done,BK,Bookeroo,software,Roman O'Brien,60f776bb411fae00708a2e57,,Medium,Done,Allen Muthupunnackal Jose,60627fadafe465006a08f591,Roman O'Brien,60f776bb411fae00708a2e57,Roman O'Brien,60f776bb411fae00708a2e57,17/Sep/21 6:12 PM,18/Sep/21 8:20 PM,23/Oct/21 11:48 PM,18/Sep/21 8:20 PM,,0,,"Summary of new User Stories, new code and tests, new functionality (e.g., a list of new code/test files, names/numbers of user stories, a short description of new functionality)",,Roman O'Brien,,60f776bb411fae00708a2e57,,,,,,,,,,,,,,,,,{},,,,,,,0|i000lu:,,Sprint 02,,,,,,,,,,,10104,Meta - Milestone 2 Deliverables,Done
CircleCI Failure/Success Screenshots,BK-109,10108,Subtask,Done,BK,Bookeroo,software,Roman O'Brien,60f776bb411fae00708a2e57,,Medium,Done,Roman O'Brien,60f776bb411fae00708a2e57,Roman O'Brien,60f776bb411fae00708a2e57,Roman O'Brien,60f776bb411fae00708a2e57,17/Sep/21 6:12 PM,18/Sep/21 10:20 PM,23/Oct/21 11:48 PM,18/Sep/21 10:20 PM,,0,,,,Roman O'Brien,,60f776bb411fae00708a2e57,,,,,,,,,,,,,,,,,{},,,,,,,0|i000ln:,,Sprint 02,,,,,,,,,,,10104,Meta - Milestone 2 Deliverables,Done
Peer Contribution Review,BK-108,10107,Subtask,Done,BK,Bookeroo,software,Roman O'Brien,60f776bb411fae00708a2e57,,Medium,Done,,,Roman O'Brien,60f776bb411fae00708a2e57,Roman O'Brien,60f776bb411fae00708a2e57,17/Sep/21 6:11 PM,18/Sep/21 10:16 PM,23/Oct/21 11:48 PM,18/Sep/21 10:16 PM,,0,,"* nominal percentage contribution (e.g., 20% = contributed as much as expected in 5-person team; %s should add up to 100% for team)
* list of tasks/duties performed (wrote 10/20 tests; wrote code integrating front-end to back-end; etc)
* if a team member wishes to submit an ANONYMOUS (to the team) Peer Review, please email directly to your tutor.",,Roman O'Brien,,60f776bb411fae00708a2e57,,,,,,,,,,,,,,,,,{},,,,,,,0|i000ls:,,Sprint 02,,,,,,,,18/Sep/21 11:42 AM;60f776bb411fae00708a2e57;What’s the fairest way to calculate contribution percentage? I suggest we compare how many hours we worked on the project over the sprint.,,,10104,Meta - Milestone 2 Deliverables,Done
Acceptance Test Report,BK-107,10106,Subtask,Done,BK,Bookeroo,software,Roman O'Brien,60f776bb411fae00708a2e57,,Medium,Done,,,Roman O'Brien,60f776bb411fae00708a2e57,Roman O'Brien,60f776bb411fae00708a2e57,17/Sep/21 6:10 PM,18/Sep/21 6:55 PM,23/Oct/21 11:48 PM,18/Sep/21 6:55 PM,,0,,,,Roman O'Brien,,60f776bb411fae00708a2e57,,,,,,,,,,,,,,,,,{},,,,,,,0|i000ly:,,Sprint 02,,,,,,,,,,,10104,Meta - Milestone 2 Deliverables,Done
Sprint 2 Retro,BK-106,10105,Subtask,Done,BK,Bookeroo,software,Roman O'Brien,60f776bb411fae00708a2e57,,Medium,Done,Roman O'Brien,60f776bb411fae00708a2e57,Roman O'Brien,60f776bb411fae00708a2e57,Roman O'Brien,60f776bb411fae00708a2e57,17/Sep/21 6:10 PM,18/Sep/21 10:08 PM,23/Oct/21 11:48 PM,18/Sep/21 10:08 PM,,0,,* Burndown chart,,Roman O'Brien,,60f776bb411fae00708a2e57,,,,,,,,,,,,,,,,,{},,,,,,,0|i000ls:i,,Sprint 02,,,,,,,,,,,10104,Meta - Milestone 2 Deliverables,Done
Meta - Milestone 2 Deliverables,BK-105,10104,Story,Done,BK,Bookeroo,software,Roman O'Brien,60f776bb411fae00708a2e57,,Medium,Done,Roman O'Brien,60f776bb411fae00708a2e57,Roman O'Brien,60f776bb411fae00708a2e57,Roman O'Brien,60f776bb411fae00708a2e57,17/Sep/21 5:52 PM,18/Sep/21 10:20 PM,23/Oct/21 11:48 PM,18/Sep/21 10:20 PM,,0,,,,Roman O'Brien,,60f776bb411fae00708a2e57,,,,,,,,,,,,,,,,,{},,,,,,,0|i000li:,,Sprint 02,,,,,,,,,,,,,Done
Acceptance Tests,BK-104,10103,Subtask,Done,BK,Bookeroo,software,Roman O'Brien,60f776bb411fae00708a2e57,,Medium,Done,Roman O'Brien,60f776bb411fae00708a2e57,Roman O'Brien,60f776bb411fae00708a2e57,Roman O'Brien,60f776bb411fae00708a2e57,17/Sep/21 5:51 PM,18/Sep/21 6:28 PM,23/Oct/21 11:48 PM,18/Sep/21 6:28 PM,,0,,,,Roman O'Brien,,60f776bb411fae00708a2e57,,,,,,,,,,,,,,,,,{},,,,,,,0|i000fo:,,Sprint 02,,,,,,,,,,,10017,Customer - Register Account,Done
Acceptance Tests,BK-103,10102,Subtask,Done,BK,Bookeroo,software,Roman O'Brien,60f776bb411fae00708a2e57,,Medium,Done,Roman O'Brien,60f776bb411fae00708a2e57,Roman O'Brien,60f776bb411fae00708a2e57,Roman O'Brien,60f776bb411fae00708a2e57,17/Sep/21 5:51 PM,18/Sep/21 6:55 PM,23/Oct/21 11:48 PM,18/Sep/21 6:55 PM,,0,,,,Roman O'Brien,,60f776bb411fae00708a2e57,,,,,,,,,,,,,,,,,{},,,,,,,0|i0009f:,,Sprint 01,Sprint 02,,,,,,,,,,10027,Customer - View Book Information,Done
Acceptance Tests,BK-102,10101,Subtask,Done,BK,Bookeroo,software,Roman O'Brien,60f776bb411fae00708a2e57,,Medium,Done,Roman O'Brien,60f776bb411fae00708a2e57,Roman O'Brien,60f776bb411fae00708a2e57,Roman O'Brien,60f776bb411fae00708a2e57,17/Sep/21 5:51 PM,18/Sep/21 6:54 PM,23/Oct/21 11:48 PM,18/Sep/21 6:54 PM,,0,,,,Roman O'Brien,,60f776bb411fae00708a2e57,,,,,,,,,,,,,,,,,{},,,,,,,0|i000ci:,,Sprint 01,Sprint 02,,,,,,,,,,10021,Publisher - View Book Cover,Done
Acceptance Tests,BK-101,10100,Subtask,Done,BK,Bookeroo,software,Roman O'Brien,60f776bb411fae00708a2e57,,Medium,Done,David Morrin,60f77761a248f0006a8f3f36,Roman O'Brien,60f776bb411fae00708a2e57,Roman O'Brien,60f776bb411fae00708a2e57,17/Sep/21 5:51 PM,18/Sep/21 6:54 PM,23/Oct/21 11:48 PM,18/Sep/21 6:54 PM,,0,,,,Roman O'Brien,,60f776bb411fae00708a2e57,,,,,,,,,,,,,,,,,{},,,,,,,0|i0006v:,,Sprint 01,Sprint 02,,,,,,,,,,10023,Customer - Book Search,Done
CircleCI Test Configuration,BK-97,10096,Subtask,Done,BK,Bookeroo,software,Roman O'Brien,60f776bb411fae00708a2e57,,Medium,Done,Roman O'Brien,60f776bb411fae00708a2e57,Roman O'Brien,60f776bb411fae00708a2e57,Roman O'Brien,60f776bb411fae00708a2e57,16/Sep/21 5:23 PM,18/Sep/21 3:56 PM,23/Oct/21 11:48 PM,18/Sep/21 3:56 PM,,0,,,,Roman O'Brien,,60f776bb411fae00708a2e57,,,,,,,,,,,,,,,,,{},,,,,,,0|i000iy:,,Sprint 02,,,,,,,,18/Sep/21 3:31 PM;60f776bb411fae00708a2e57;Add maven test lines to circleCI config,,,10064,Meta - Continuous Integration,Done
React Dockerfile,BK-96,10095,Subtask,Done,BK,Bookeroo,software,Roman O'Brien,60f776bb411fae00708a2e57,,Medium,Done,Roman O'Brien,60f776bb411fae00708a2e57,Roman O'Brien,60f776bb411fae00708a2e57,Roman O'Brien,60f776bb411fae00708a2e57,16/Sep/21 2:57 PM,17/Sep/21 9:48 PM,23/Oct/21 11:48 PM,17/Sep/21 9:48 PM,,0,,,,Roman O'Brien,,60f776bb411fae00708a2e57,,,,,,,,,,,,,,,,,{},,,,,,,0|i000j2:,,Sprint 02,,,,,,,,,,,10064,Meta - Continuous Integration,Done
Create CircleCI Project,BK-95,10094,Subtask,Done,BK,Bookeroo,software,Roman O'Brien,60f776bb411fae00708a2e57,,Medium,Done,Roman O'Brien,60f776bb411fae00708a2e57,Roman O'Brien,60f776bb411fae00708a2e57,Roman O'Brien,60f776bb411fae00708a2e57,16/Sep/21 1:18 PM,16/Sep/21 5:22 PM,23/Oct/21 11:48 PM,16/Sep/21 5:22 PM,,0,,,,Roman O'Brien,,60f776bb411fae00708a2e57,,,,,,,,,,,,,,,,,{},,,,,,,0|i000je:,,Sprint 02,,,,,,,,,,,10064,Meta - Continuous Integration,Done
Loginmicroservice Dockerfile,BK-94,10093,Subtask,Done,BK,Bookeroo,software,Roman O'Brien,60f776bb411fae00708a2e57,,Medium,Done,Roman O'Brien,60f776bb411fae00708a2e57,Roman O'Brien,60f776bb411fae00708a2e57,Roman O'Brien,60f776bb411fae00708a2e57,16/Sep/21 1:18 PM,18/Sep/21 3:56 PM,23/Oct/21 11:48 PM,18/Sep/21 3:56 PM,,0,,,,Roman O'Brien,,60f776bb411fae00708a2e57,,,,,,,,,,,,,,,,,{},,,,,,,0|i000j0:,,Sprint 02,,,,,,,,,,,10064,Meta - Continuous Integration,Done
Bookmicroservice Dockerfile,BK-93,10092,Subtask,Done,BK,Bookeroo,software,Roman O'Brien,60f776bb411fae00708a2e57,,Medium,Done,Roman O'Brien,60f776bb411fae00708a2e57,Roman O'Brien,60f776bb411fae00708a2e57,Roman O'Brien,60f776bb411fae00708a2e57,16/Sep/21 1:17 PM,16/Sep/21 3:53 PM,23/Oct/21 11:48 PM,16/Sep/21 3:53 PM,,0,,,,Roman O'Brien,,60f776bb411fae00708a2e57,,,,,,,,,,,,,,,,,{},,,,,,,0|i000ja:,,Sprint 02,,,,,,,,,,,10064,Meta - Continuous Integration,Done
Register form needs to put user role in database,BK-91,10090,Subtask,Done,BK,Bookeroo,software,Roman O'Brien,60f776bb411fae00708a2e57,,Medium,Done,Roman O'Brien,60f776bb411fae00708a2e57,Roman O'Brien,60f776bb411fae00708a2e57,Roman O'Brien,60f776bb411fae00708a2e57,13/Sep/21 9:03 PM,18/Sep/21 1:54 PM,23/Oct/21 11:48 PM,18/Sep/21 1:54 PM,,0,,,,Roman O'Brien,,60f776bb411fae00708a2e57,,,,,,,,,,,,,,,,,{},,,,,,,0|i000e0:,,Sprint 02,,,,,,,,,,,10061,Meta - Security,Done
Redirect after search ,BK-90,10089,Subtask,Done,BK,Bookeroo,software,Roman O'Brien,60f776bb411fae00708a2e57,,Medium,Done,Charlton Ho,607d65af1417e2006aaf4e81,Charlton Ho,607d65af1417e2006aaf4e81,Charlton Ho,607d65af1417e2006aaf4e81,13/Sep/21 5:54 PM,13/Sep/21 5:54 PM,23/Oct/21 11:48 PM,13/Sep/21 5:54 PM,,0,,,,Charlton Ho,,607d65af1417e2006aaf4e81,,,,,,,,,,,,,,,,,{},,,,,,,0|i000hy:,,Sprint 01,Sprint 02,,,,,,,,,,10023,Customer - Book Search,Done
Display image in search results,BK-89,10088,Subtask,Done,BK,Bookeroo,software,Roman O'Brien,60f776bb411fae00708a2e57,,Medium,Done,Charlton Ho,607d65af1417e2006aaf4e81,Roman O'Brien,60f776bb411fae00708a2e57,Roman O'Brien,60f776bb411fae00708a2e57,13/Sep/21 5:39 PM,18/Sep/21 2:45 PM,23/Oct/21 11:48 PM,18/Sep/21 2:45 PM,,0,,,,Roman O'Brien,,60f776bb411fae00708a2e57,,,,,,,,,,,,,,,,,{},,,,,,,0|i000hq:,,Sprint 01,Sprint 02,,,,,,,,,,10023,Customer - Book Search,Done
Refactor Spring Security to send User.accountRole through LoginSuccess JWT,BK-86,10085,Subtask,Done,BK,Bookeroo,software,Roman O'Brien,60f776bb411fae00708a2e57,,Medium,Done,Roman O'Brien,60f776bb411fae00708a2e57,Roman O'Brien,60f776bb411fae00708a2e57,Roman O'Brien,60f776bb411fae00708a2e57,12/Sep/21 2:42 PM,18/Sep/21 2:33 PM,23/Oct/21 11:48 PM,18/Sep/21 2:33 PM,,0,,,,Roman O'Brien,,60f776bb411fae00708a2e57,,,,,,,,,,,,,,,,,{},,,,,,,0|i000d6:,,Sprint 02,,,,,,,,13/Sep/21 4:16 PM;60f776bb411fae00708a2e57;Research Spring UserDetails class - may provide some hints has to how to communicate more information to the front end,,,10061,Meta - Security,Done
Establish roles in User Model,BK-84,10083,Subtask,Done,BK,Bookeroo,software,Roman O'Brien,60f776bb411fae00708a2e57,,Medium,Done,Roman O'Brien,60f776bb411fae00708a2e57,Roman O'Brien,60f776bb411fae00708a2e57,Roman O'Brien,60f776bb411fae00708a2e57,08/Sep/21 4:40 PM,13/Sep/21 9:03 PM,23/Oct/21 11:48 PM,13/Sep/21 9:03 PM,,0,,"* Regular User
* Publisher
* Admin",,Roman O'Brien,,60f776bb411fae00708a2e57,,,,,,,,,,,,,,,,,{},,,,,,,0|i000dm:,,Sprint 02,,,,,,,,,,,10061,Meta - Security,Done
Password Encryption,BK-83,10082,Subtask,Done,BK,Bookeroo,software,Roman O'Brien,60f776bb411fae00708a2e57,,Medium,Done,,,Roman O'Brien,60f776bb411fae00708a2e57,Roman O'Brien,60f776bb411fae00708a2e57,07/Sep/21 6:56 PM,12/Sep/21 2:40 PM,23/Oct/21 11:48 PM,12/Sep/21 2:40 PM,,0,,,,Roman O'Brien,,60f776bb411fae00708a2e57,,,,,,,,,,,,,,,,,{},,,,,,,0|i000ge:,,Sprint 02,,,,,,,,,,,10017,Customer - Register Account,Done
User Account Model,BK-82,10081,Subtask,Done,BK,Bookeroo,software,Roman O'Brien,60f776bb411fae00708a2e57,,Medium,Done,Roman O'Brien,60f776bb411fae00708a2e57,Roman O'Brien,60f776bb411fae00708a2e57,Roman O'Brien,60f776bb411fae00708a2e57,07/Sep/21 6:56 PM,18/Sep/21 2:59 PM,23/Oct/21 11:48 PM,18/Sep/21 2:59 PM,,0,,,,Roman O'Brien,,60f776bb411fae00708a2e57,,,,,,,,,,,,,,,,,{},,,,,,,0|i000fu:,,Sprint 02,,,,,,,,16/Sep/21 2:58 PM;60f776bb411fae00708a2e57;See BK-91,,,10017,Customer - Register Account,Done
Register POST Request Mapping,BK-81,10080,Subtask,Done,BK,Bookeroo,software,Roman O'Brien,60f776bb411fae00708a2e57,,Medium,Done,,,Roman O'Brien,60f776bb411fae00708a2e57,Roman O'Brien,60f776bb411fae00708a2e57,07/Sep/21 6:53 PM,12/Sep/21 2:41 PM,23/Oct/21 11:48 PM,12/Sep/21 2:41 PM,,0,Front-end,,,Roman O'Brien,,60f776bb411fae00708a2e57,,,,,,,,,,,,,,,,,{},,,,,,,0|i000gq:,,Sprint 02,,,,,,,,,,,10017,Customer - Register Account,Done
Register Webpage,BK-80,10079,Subtask,Done,BK,Bookeroo,software,Roman O'Brien,60f776bb411fae00708a2e57,,Medium,Done,,,Roman O'Brien,60f776bb411fae00708a2e57,Roman O'Brien,60f776bb411fae00708a2e57,07/Sep/21 6:53 PM,12/Sep/21 2:41 PM,23/Oct/21 11:48 PM,12/Sep/21 2:41 PM,,0,Front-end,,,Roman O'Brien,,60f776bb411fae00708a2e57,,,,,,,,,,,,,,,,,{},,,,,,,0|i000g6:,,Sprint 02,,,,,,,,,,,10017,Customer - Register Account,Done
Migrate microservices to RDS,BK-79,10078,Subtask,Done,BK,Bookeroo,software,Roman O'Brien,60f776bb411fae00708a2e57,,Medium,Done,Allen Muthupunnackal Jose,60627fadafe465006a08f591,Roman O'Brien,60f776bb411fae00708a2e57,Roman O'Brien,60f776bb411fae00708a2e57,07/Sep/21 6:30 PM,23/Oct/21 11:26 PM,23/Oct/21 11:48 PM,23/Oct/21 11:26 PM,,0,,,,Roman O'Brien,,60f776bb411fae00708a2e57,,,,,,,,,,,,,,,,,{},,,,,,,0|i000e0:2,,Sprint 4,,,,,,,,,,,10063,Meta - Deployment,Done
Establish RDS,BK-78,10077,Subtask,Done,BK,Bookeroo,software,Roman O'Brien,60f776bb411fae00708a2e57,,Medium,Done,Allen Muthupunnackal Jose,60627fadafe465006a08f591,Roman O'Brien,60f776bb411fae00708a2e57,Roman O'Brien,60f776bb411fae00708a2e57,07/Sep/21 6:30 PM,18/Oct/21 7:45 PM,12/Oct/21 2:58 PM,18/Oct/21 7:45 PM,,0,,,,Roman O'Brien,,60f776bb411fae00708a2e57,,,,,,,,,,,,,,,,,{},,,,,,,0|i000fa:,,Sprint 4,,,,,,,,,,,10063,Meta - Deployment,Done
Configure VPC & Networking,BK-75,10074,Subtask,Done,BK,Bookeroo,software,Roman O'Brien,60f776bb411fae00708a2e57,,Medium,Done,Roman O'Brien,60f776bb411fae00708a2e57,Roman O'Brien,60f776bb411fae00708a2e57,Roman O'Brien,60f776bb411fae00708a2e57,07/Sep/21 6:29 PM,23/Oct/21 10:56 PM,21/Oct/21 5:16 PM,23/Oct/21 10:56 PM,,0,,"* Only front end should be publically routable
* back end microservices should be on a private subnet
* microservices should be able to reach RDS for database function",,Roman O'Brien,,60f776bb411fae00708a2e57,,,,,,,,,,,,,,,,,{},,,,,,,0|i000e0:4,,Sprint 4,,,,,,,,,,,10063,Meta - Deployment,Done
CircleCI server generate Docker images,BK-74,10073,Subtask,Done,BK,Bookeroo,software,Roman O'Brien,60f776bb411fae00708a2e57,,Medium,Done,Roman O'Brien,60f776bb411fae00708a2e57,Roman O'Brien,60f776bb411fae00708a2e57,Roman O'Brien,60f776bb411fae00708a2e57,07/Sep/21 6:28 PM,17/Oct/21 9:38 PM,17/Oct/21 9:38 PM,05/Oct/21 5:36 PM,,0,,,,Roman O'Brien,,60f776bb411fae00708a2e57,,,,,,,,,,,,,,,,,{},,,,,,,0|i000ee:,,Sprint 4,,,,,,,,,,,10063,Meta - Deployment,Done
Configure build configuration (.circleci/config.yml),BK-73,10072,Subtask,Done,BK,Bookeroo,software,Roman O'Brien,60f776bb411fae00708a2e57,,Medium,Done,Roman O'Brien,60f776bb411fae00708a2e57,Roman O'Brien,60f776bb411fae00708a2e57,Roman O'Brien,60f776bb411fae00708a2e57,07/Sep/21 6:28 PM,16/Sep/21 5:30 PM,23/Oct/21 11:48 PM,16/Sep/21 5:24 PM,,0,,,,Roman O'Brien,,60f776bb411fae00708a2e57,,,,,,,,,,,,,,,,,{},,,,,,,0|i000jh:,,Sprint 02,,,,,,,,16/Sep/21 5:30 PM;60f776bb411fae00708a2e57;Build takes >1m because it doesn’t save any of the maven dependencies - perhaps there’s a way to keep them downloaded?,,,10064,Meta - Continuous Integration,Done
Connect to our GitHub Repository,BK-72,10071,Subtask,Done,BK,Bookeroo,software,Roman O'Brien,60f776bb411fae00708a2e57,,Medium,Done,Roman O'Brien,60f776bb411fae00708a2e57,Roman O'Brien,60f776bb411fae00708a2e57,Roman O'Brien,60f776bb411fae00708a2e57,07/Sep/21 6:28 PM,16/Sep/21 5:22 PM,23/Oct/21 11:48 PM,16/Sep/21 5:22 PM,,0,,,,Roman O'Brien,,60f776bb411fae00708a2e57,,,,,,,,,,,,,,,,,{},,,,,,,0|i000jg:,,Sprint 02,,,,,,,,,,,10064,Meta - Continuous Integration,Done
"Copy pre-existing security code from ""homy"" branch into working branch",BK-70,10069,Subtask,Done,BK,Bookeroo,software,Roman O'Brien,60f776bb411fae00708a2e57,,Medium,Done,Roman O'Brien,60f776bb411fae00708a2e57,Roman O'Brien,60f776bb411fae00708a2e57,Roman O'Brien,60f776bb411fae00708a2e57,07/Sep/21 6:26 PM,11/Sep/21 5:35 PM,23/Oct/21 11:48 PM,11/Sep/21 5:35 PM,,0,,,,Roman O'Brien,,60f776bb411fae00708a2e57,,,,,,,,,,,,,,,,,{},,,,,,,0|i000di:,,Sprint 02,,,,,,,,,,,10061,Meta - Security,Done
GET Request Mapping,BK-67,10066,Subtask,Done,BK,Bookeroo,software,Roman O'Brien,60f776bb411fae00708a2e57,,Medium,Done,David Morrin,60f77761a248f0006a8f3f36,Roman O'Brien,60f776bb411fae00708a2e57,Roman O'Brien,60f776bb411fae00708a2e57,07/Sep/21 6:20 PM,17/Sep/21 5:59 AM,23/Oct/21 11:48 PM,17/Sep/21 5:59 AM,,0,Back-end,,,Roman O'Brien,,60f776bb411fae00708a2e57,,,,,,,,,,,,,,,,,{},,,,,,,0|i000cu:,,Sprint 01,Sprint 02,,,,,,,,,,10027,Customer - View Book Information,Done
"After successful book upload, redirect to that book's webpage",BK-66,10065,Subtask,Done,BK,Bookeroo,software,Roman O'Brien,60f776bb411fae00708a2e57,,Medium,Done,Roman O'Brien,60f776bb411fae00708a2e57,Roman O'Brien,60f776bb411fae00708a2e57,Roman O'Brien,60f776bb411fae00708a2e57,07/Sep/21 6:18 PM,18/Sep/21 8:14 PM,23/Oct/21 11:48 PM,18/Sep/21 8:14 PM,,0,,,,Roman O'Brien,,60f776bb411fae00708a2e57,,,,,,,,,,,,,,,,,{},,,,,,,0|i000cg:,,Sprint 01,Sprint 02,,,,,,,,,,10021,Publisher - View Book Cover,Done
Meta - Continuous Integration,BK-65,10064,Story,Done,BK,Bookeroo,software,Roman O'Brien,60f776bb411fae00708a2e57,,Highest,Done,Roman O'Brien,60f776bb411fae00708a2e57,Roman O'Brien,60f776bb411fae00708a2e57,Roman O'Brien,60f776bb411fae00708a2e57,07/Sep/21 5:33 PM,18/Sep/21 3:57 PM,23/Oct/21 11:48 PM,18/Sep/21 3:57 PM,,0,,,,Roman O'Brien,,60f776bb411fae00708a2e57,,,,,,,,,,,,,,,,,{},,,,,,,0|hzzzzy:m,,Sprint 02,,,8.0,,,,,,,,,,Done
Meta - Deployment,BK-64,10063,Story,To Do,BK,Bookeroo,software,Roman O'Brien,60f776bb411fae00708a2e57,,Highest,,Roman O'Brien,60f776bb411fae00708a2e57,Roman O'Brien,60f776bb411fae00708a2e57,Roman O'Brien,60f776bb411fae00708a2e57,07/Sep/21 5:33 PM,04/Oct/21 9:07 AM,23/Oct/21 11:47 PM,,,0,,,,Roman O'Brien,,60f776bb411fae00708a2e57,,,,,,,,,,,,,,,,,{},,,,,,,0|i0000z:,,Sprint 4,,,34.0,,,,,,,,,,To Do
Unit Testing,BK-63,10062,Subtask,Done,BK,Bookeroo,software,Roman O'Brien,60f776bb411fae00708a2e57,,Medium,Done,Roman O'Brien,60f776bb411fae00708a2e57,Roman O'Brien,60f776bb411fae00708a2e57,Roman O'Brien,60f776bb411fae00708a2e57,04/Sep/21 5:46 PM,04/Sep/21 6:44 PM,23/Oct/21 11:48 PM,04/Sep/21 6:43 PM,,0,Back-end,"Testing for classes:

* Base64Helper
* DateHelper",,Roman O'Brien,,60f776bb411fae00708a2e57,,,,,,,,,,,,,,,,,{},,,,,,,0|i000ao:,,Sprint 01,,,,,,,,,,,10019,Publisher - Upload Book,Done
Meta - Security,BK-62,10061,Story,Done,BK,Bookeroo,software,Roman O'Brien,60f776bb411fae00708a2e57,,Highest,Done,Roman O'Brien,60f776bb411fae00708a2e57,Roman O'Brien,60f776bb411fae00708a2e57,Roman O'Brien,60f776bb411fae00708a2e57,04/Sep/21 3:48 PM,18/Sep/21 10:05 PM,23/Oct/21 11:48 PM,18/Sep/21 10:05 PM,,0,,Add appropriate security measures present in the basecode to our present codebase.,,Roman O'Brien,,60f776bb411fae00708a2e57,,,,,,,,,,,,,,,,,{},,,,,,,0|hzzzzm:,,Sprint 02,,,8.0,,,,,,,,,,Done
Upload Image to Database as BLOB,BK-61,10060,Subtask,Done,BK,Bookeroo,software,Roman O'Brien,60f776bb411fae00708a2e57,,Medium,Done,Roman O'Brien,60f776bb411fae00708a2e57,Roman O'Brien,60f776bb411fae00708a2e57,Roman O'Brien,60f776bb411fae00708a2e57,30/Aug/21 2:12 PM,30/Aug/21 2:13 PM,23/Oct/21 11:48 PM,30/Aug/21 2:12 PM,,0,Back-end,,,Roman O'Brien,,60f776bb411fae00708a2e57,,,,,,,,,,,,,,,,,{},,,,,,,0|i000ce:,,Sprint 01,,,,,,,,,,,10019,Publisher - Upload Book,Done
Book Upload Image Preview,BK-60,10059,Subtask,Done,BK,Bookeroo,software,Roman O'Brien,60f776bb411fae00708a2e57,,Medium,Done,Charlton Ho,607d65af1417e2006aaf4e81,Roman O'Brien,60f776bb411fae00708a2e57,Roman O'Brien,60f776bb411fae00708a2e57,25/Aug/21 5:43 PM,30/Aug/21 2:13 PM,23/Oct/21 11:48 PM,29/Aug/21 2:28 PM,,0,Front-end,,,Roman O'Brien,,60f776bb411fae00708a2e57,,,,,,,,,,,,,,,,,{},,,,,,,0|i000c6:,,Sprint 01,,,,,,,,,,,10019,Publisher - Upload Book,Done
Book Microservice,BK-59,10058,Subtask,Done,BK,Bookeroo,software,Roman O'Brien,60f776bb411fae00708a2e57,,Medium,Done,Roman O'Brien,60f776bb411fae00708a2e57,Roman O'Brien,60f776bb411fae00708a2e57,Roman O'Brien,60f776bb411fae00708a2e57,24/Aug/21 3:55 PM,24/Aug/21 6:30 PM,23/Oct/21 11:48 PM,24/Aug/21 6:30 PM,,0,Back-end,Build separate SpringBoot project that manages the Book Microservice,,Roman O'Brien,,60f776bb411fae00708a2e57,,,,,,,,,,,,,,,,,{},,,,,,,0|i000bi:,,Sprint 01,,,,,,,,,,,10019,Publisher - Upload Book,Done
Publisher Landing Page,BK-58,10057,Subtask,Done,BK,Bookeroo,software,Roman O'Brien,60f776bb411fae00708a2e57,,Medium,Done,Roman O'Brien,60f776bb411fae00708a2e57,Roman O'Brien,60f776bb411fae00708a2e57,Roman O'Brien,60f776bb411fae00708a2e57,21/Aug/21 12:51 PM,21/Aug/21 9:20 PM,23/Oct/21 11:48 PM,21/Aug/21 9:20 PM,,0,Front-end,,,Roman O'Brien,,60f776bb411fae00708a2e57,,,,,,,,,,,,,,,,,{},,,,,,,0|i000b7:,,Sprint 01,,,,,,,,,,,10019,Publisher - Upload Book,Done
Postman Tests,BK-57,10056,Subtask,Done,BK,Bookeroo,software,Roman O'Brien,60f776bb411fae00708a2e57,,Medium,Done,Roman O'Brien,60f776bb411fae00708a2e57,Roman O'Brien,60f776bb411fae00708a2e57,Roman O'Brien,60f776bb411fae00708a2e57,18/Aug/21 10:53 AM,24/Aug/21 6:37 PM,23/Oct/21 11:48 PM,24/Aug/21 6:32 PM,,0,,"# Write in /h2-console/

{code:sql}INSERT INTO USER (FULL_NAME, PASSWORD, USERNAME)
VALUES ('homy ash', '123456', 'homy');{code}

2. Input data to postman from /api/users/regiser/


{code:json}{
    ""username"": ""roman@test.com"",
    ""fullName"": ""Roman O'Brien"",
    ""password"": ""testtest"",
    ""confirmPassword"": ""testtest""
}{code}",,Roman O'Brien,,60f776bb411fae00708a2e57,,,,,,,,,,,,,,,,,{},,,,,,,0|i000bq:,,Sprint 01,,,,,,,,,,,10019,Publisher - Upload Book,Done
Link Front-end to Back-end with URL,BK-56,10055,Subtask,Done,BK,Bookeroo,software,Roman O'Brien,60f776bb411fae00708a2e57,,Medium,Done,Roman O'Brien,60f776bb411fae00708a2e57,Roman O'Brien,60f776bb411fae00708a2e57,Roman O'Brien,60f776bb411fae00708a2e57,18/Aug/21 10:53 AM,29/Aug/21 2:27 PM,23/Oct/21 11:48 PM,29/Aug/21 2:27 PM,,0,,,,Roman O'Brien,,60f776bb411fae00708a2e57,,,,,,,,,,,,,,,,,{},,,,,,,0|i000b8:,,Sprint 01,,,,,,,,,,,10019,Publisher - Upload Book,Done
Update Base Code Front-end to Match Wireframes,BK-55,10054,Subtask,Done,BK,Bookeroo,software,Roman O'Brien,60f776bb411fae00708a2e57,,Medium,Done,Roman O'Brien,60f776bb411fae00708a2e57,Roman O'Brien,60f776bb411fae00708a2e57,Roman O'Brien,60f776bb411fae00708a2e57,18/Aug/21 10:18 AM,24/Aug/21 10:48 AM,23/Oct/21 11:48 PM,24/Aug/21 10:48 AM,,0,Front-end,,,Roman O'Brien,,60f776bb411fae00708a2e57,,,,,,,,,,,,,,,,,{},,,,,,,0|i000ba:,,Sprint 01,,,,,,,,19/Aug/21 5:55 PM;60f776bb411fae00708a2e57;Modify current landing page,,,10019,Publisher - Upload Book,Done
React Routing from Homepage -> Upload,BK-53,10052,Subtask,Done,BK,Bookeroo,software,Roman O'Brien,60f776bb411fae00708a2e57,,Medium,Done,Charlton Ho,607d65af1417e2006aaf4e81,Roman O'Brien,60f776bb411fae00708a2e57,Roman O'Brien,60f776bb411fae00708a2e57,18/Aug/21 10:10 AM,21/Aug/21 5:46 PM,23/Oct/21 11:48 PM,21/Aug/21 5:46 PM,,0,Front-end,,,Roman O'Brien,,60f776bb411fae00708a2e57,,,,,,,,,,,,,,,,,{},,,,,,,0|i000b9:,,Sprint 01,,,,,,,,,,,10019,Publisher - Upload Book,Done
Display Image from JSON GET,BK-47,10046,Subtask,Done,BK,Bookeroo,software,Roman O'Brien,60f776bb411fae00708a2e57,,Medium,Done,Charlton Ho,607d65af1417e2006aaf4e81,David Morrin,60f77761a248f0006a8f3f36,David Morrin,60f77761a248f0006a8f3f36,10/Aug/21 7:02 PM,18/Sep/21 11:37 AM,23/Oct/21 11:48 PM,18/Sep/21 11:37 AM,,0,Front-end,,,David Morrin,,60f77761a248f0006a8f3f36,,,,,,,,,,,,,,,,,{},,,,,,,0|i0009z:,,Sprint 01,Sprint 02,,,,,,,,,,10027,Customer - View Book Information,Done
Display Information from JSON GET,BK-46,10045,Subtask,Done,BK,Bookeroo,software,Roman O'Brien,60f776bb411fae00708a2e57,,Medium,Done,Charlton Ho,607d65af1417e2006aaf4e81,David Morrin,60f77761a248f0006a8f3f36,David Morrin,60f77761a248f0006a8f3f36,10/Aug/21 7:02 PM,14/Sep/21 10:33 PM,23/Oct/21 11:48 PM,14/Sep/21 10:33 PM,,0,Front-end,,,David Morrin,,60f77761a248f0006a8f3f36,,,,,,,,,,,,,,,,,{},,,,,,,0|i0009r:,,Sprint 01,Sprint 02,,,,,,,,,,10027,Customer - View Book Information,Done
Book Information Webpage,BK-45,10044,Subtask,Done,BK,Bookeroo,software,Roman O'Brien,60f776bb411fae00708a2e57,,Medium,Done,Charlton Ho,607d65af1417e2006aaf4e81,David Morrin,60f77761a248f0006a8f3f36,David Morrin,60f77761a248f0006a8f3f36,10/Aug/21 7:01 PM,18/Sep/21 2:22 PM,23/Oct/21 11:48 PM,18/Sep/21 2:22 PM,,0,,,,David Morrin,,60f77761a248f0006a8f3f36,,,,,,,,,,,,,,,,,{},,,,,,,0|i0009j:,,Sprint 01,Sprint 02,,,,,,,,,,10027,Customer - View Book Information,Done
Unit Testing for Book Searching,BK-43,10042,Subtask,Done,BK,Bookeroo,software,Roman O'Brien,60f776bb411fae00708a2e57,,Medium,Done,David Morrin,60f77761a248f0006a8f3f36,David Morrin,60f77761a248f0006a8f3f36,David Morrin,60f77761a248f0006a8f3f36,10/Aug/21 6:59 PM,18/Sep/21 3:12 PM,23/Oct/21 11:48 PM,18/Sep/21 3:12 PM,,0,,,,David Morrin,,60f77761a248f0006a8f3f36,,,,,,,,,,,,,,,,,{},,,,,,,0|i0009b:,,Sprint 01,Sprint 02,,,,,,,,,,10023,Customer - Book Search,Done
Model Methods for Search,BK-42,10041,Subtask,Done,BK,Bookeroo,software,Roman O'Brien,60f776bb411fae00708a2e57,,Medium,Done,David Morrin,60f77761a248f0006a8f3f36,David Morrin,60f77761a248f0006a8f3f36,David Morrin,60f77761a248f0006a8f3f36,10/Aug/21 6:58 PM,17/Sep/21 10:43 PM,23/Oct/21 11:48 PM,07/Sep/21 6:17 PM,,0,,,,David Morrin,,60f77761a248f0006a8f3f36,,,,,,,,,,,,,,,,,{},,,,,,,0|i0008n:,,Sprint 01,Sprint 02,,,,,,,,,,10023,Customer - Book Search,Done
Controller Search Logic,BK-41,10040,Subtask,Done,BK,Bookeroo,software,Roman O'Brien,60f776bb411fae00708a2e57,,Medium,Done,David Morrin,60f77761a248f0006a8f3f36,David Morrin,60f77761a248f0006a8f3f36,David Morrin,60f77761a248f0006a8f3f36,10/Aug/21 6:54 PM,12/Sep/21 12:50 AM,23/Oct/21 11:48 PM,12/Sep/21 12:50 AM,,0,,"Eg ranking of search reults by relevancy, and incrementing as letters are added to the search",,David Morrin,,60f77761a248f0006a8f3f36,,,,,,,,,,,,,,,,,{},,,,,,,0|i0008f:,,Sprint 01,Sprint 02,,,,,,,,,,10023,Customer - Book Search,Done
Header Search Bar,BK-40,10039,Subtask,Done,BK,Bookeroo,software,Roman O'Brien,60f776bb411fae00708a2e57,,Medium,Done,Charlton Ho,607d65af1417e2006aaf4e81,David Morrin,60f77761a248f0006a8f3f36,David Morrin,60f77761a248f0006a8f3f36,10/Aug/21 6:53 PM,13/Sep/21 5:53 PM,23/Oct/21 11:48 PM,13/Sep/21 5:53 PM,,0,,,,David Morrin,,60f77761a248f0006a8f3f36,,,,,,,,,,,,,,,,,{},,,,,,,0|i00087:,,Sprint 01,Sprint 02,,,,,,,,,,10023,Customer - Book Search,Done
Search Results Webpage,BK-39,10038,Subtask,Done,BK,Bookeroo,software,Roman O'Brien,60f776bb411fae00708a2e57,,Medium,Done,Charlton Ho,607d65af1417e2006aaf4e81,David Morrin,60f77761a248f0006a8f3f36,David Morrin,60f77761a248f0006a8f3f36,10/Aug/21 6:52 PM,14/Sep/21 10:34 PM,23/Oct/21 11:48 PM,14/Sep/21 10:34 PM,,0,,,,David Morrin,,60f77761a248f0006a8f3f36,,,,,,,,,,,,,,,,,{},,,,,,,0|i0007z:,,Sprint 01,Sprint 02,,,,,,,,,,10023,Customer - Book Search,Done
Model Methods to Add Data to Book Table,BK-36,10035,Subtask,Done,BK,Bookeroo,software,Roman O'Brien,60f776bb411fae00708a2e57,,Medium,Done,David Morrin,60f77761a248f0006a8f3f36,David Morrin,60f77761a248f0006a8f3f36,David Morrin,60f77761a248f0006a8f3f36,10/Aug/21 6:47 PM,04/Sep/21 5:43 PM,23/Oct/21 11:48 PM,04/Sep/21 5:43 PM,,0,Back-end,,,David Morrin,,60f77761a248f0006a8f3f36,,,,,,,,,,,,,,,,,{},,,,,,,0|i000b6:x4,,Sprint 01,,,,,,,,,,,10019,Publisher - Upload Book,Done
Controller Logic to Add Data to Book Table,BK-35,10034,Subtask,Done,BK,Bookeroo,software,Roman O'Brien,60f776bb411fae00708a2e57,,Medium,Done,David Morrin,60f77761a248f0006a8f3f36,David Morrin,60f77761a248f0006a8f3f36,David Morrin,60f77761a248f0006a8f3f36,10/Aug/21 6:46 PM,04/Sep/21 5:43 PM,23/Oct/21 11:48 PM,04/Sep/21 5:43 PM,,0,Back-end,,,David Morrin,,60f77761a248f0006a8f3f36,,,,,,,,,,,,,,,,,{},,,,,,,0|i000b6:x6,,Sprint 01,,,,,,,,,,,10019,Publisher - Upload Book,Done
Book Submission Input Validation,BK-34,10033,Subtask,Done,BK,Bookeroo,software,Roman O'Brien,60f776bb411fae00708a2e57,,Medium,Done,Charlton Ho,607d65af1417e2006aaf4e81,David Morrin,60f77761a248f0006a8f3f36,David Morrin,60f77761a248f0006a8f3f36,10/Aug/21 6:42 PM,04/Sep/21 4:30 PM,23/Oct/21 11:48 PM,04/Sep/21 4:30 PM,,0,Front-end,,,David Morrin,,60f77761a248f0006a8f3f36,,,,,,,,,,,,,,,,,{},,,,,,,0|i000b6:xi,,Sprint 01,,,,,,,,,,,10019,Publisher - Upload Book,Done
Book Upload Webpage,BK-33,10032,Subtask,Done,BK,Bookeroo,software,Roman O'Brien,60f776bb411fae00708a2e57,,Medium,Done,Charlton Ho,607d65af1417e2006aaf4e81,David Morrin,60f77761a248f0006a8f3f36,David Morrin,60f77761a248f0006a8f3f36,10/Aug/21 6:42 PM,04/Sep/21 4:30 PM,23/Oct/21 11:48 PM,04/Sep/21 4:30 PM,,0,Front-end,* Building react components for input fields + image upload + buttons,,David Morrin,,60f77761a248f0006a8f3f36,,,,,,,,,,,,,,,,,{},,,,,,,0|i000b6:y,,Sprint 01,,,,,,,,,,,10019,Publisher - Upload Book,Done
Book Table (DB),BK-31,10030,Subtask,Done,BK,Bookeroo,software,Roman O'Brien,60f776bb411fae00708a2e57,,Medium,Done,Allen Muthupunnackal Jose,60627fadafe465006a08f591,Roman O'Brien,60f776bb411fae00708a2e57,Roman O'Brien,60f776bb411fae00708a2e57,10/Aug/21 6:36 PM,04/Sep/21 5:43 PM,23/Oct/21 11:48 PM,04/Sep/21 5:43 PM,,0,Back-end,"Book Fields:

* bookID (Primary Key)
* Title
* Author
* Date of Publication
* ISBN
* Genre
* Price
* Publisher
* imageBlob
* createdAt
* updatedAt",,Roman O'Brien,,60f776bb411fae00708a2e57,,,,,,,,,,,,,,,,,{},,,,,,,0|i000b6:x9,,Sprint 01,,,,,,,,29/Aug/21 2:27 PM;60f776bb411fae00708a2e57;BLOB support needs to be added (not sure if front-end or back-end issue at the moment)\!,,,10019,Publisher - Upload Book,Done
Database,BK-30,10029,Subtask,Done,BK,Bookeroo,software,Roman O'Brien,60f776bb411fae00708a2e57,,Medium,Done,Allen Muthupunnackal Jose,60627fadafe465006a08f591,Roman O'Brien,60f776bb411fae00708a2e57,Roman O'Brien,60f776bb411fae00708a2e57,10/Aug/21 6:36 PM,25/Aug/21 11:03 AM,23/Oct/21 11:48 PM,25/Aug/21 11:03 AM,,0,Back-end,,,Roman O'Brien,,60f776bb411fae00708a2e57,,,,,,,,,,,,,,,,,{},,,,,,,0|i000by:,,Sprint 01,,,,,,,,,,,10019,Publisher - Upload Book,Done
Customer - View Purchase History,BK-29,10028,Story,To Do,BK,Bookeroo,software,Roman O'Brien,60f776bb411fae00708a2e57,,Medium,,,,David Morrin,60f77761a248f0006a8f3f36,David Morrin,60f77761a248f0006a8f3f36,04/Aug/21 11:28 AM,04/Aug/21 12:06 PM,23/Oct/21 11:48 PM,,,0,,"As a customer, I want to be able to check my history, so that I can see my purchases.",,David Morrin,,60f77761a248f0006a8f3f36,,,,,,,,,,,,,,,,,{},,,,,,,0|i0005r:,,,,,,,,,,,,,10002,Website,To Do
Customer - View Book Information,BK-28,10027,Story,Done,BK,Bookeroo,software,Roman O'Brien,60f776bb411fae00708a2e57,,High,Done,Charlton Ho,607d65af1417e2006aaf4e81,David Morrin,60f77761a248f0006a8f3f36,David Morrin,60f77761a248f0006a8f3f36,04/Aug/21 11:28 AM,18/Sep/21 10:05 PM,23/Oct/21 11:48 PM,18/Sep/21 10:05 PM,,0,,"As a customer, I want to view book information (table of contents and covers), so I can have a clearer idea of the book",,David Morrin,,60f77761a248f0006a8f3f36,,,,,,,,,,,,,,,,,{},,,,,,,0|hzzzzy:,,Sprint 01,Sprint 02,,3.0,,,,,,,,10002,Website,Done
Customer - Refund Purchase,BK-27,10026,Story,To Do,BK,Bookeroo,software,Roman O'Brien,60f776bb411fae00708a2e57,,Medium,,,,David Morrin,60f77761a248f0006a8f3f36,David Morrin,60f77761a248f0006a8f3f36,04/Aug/21 11:28 AM,10/Aug/21 6:35 PM,23/Oct/21 11:48 PM,,,0,,"As a customer, I want to refund purchases after two hours of purchase, so I can eventually get my money back if I mistakenly order",,David Morrin,,60f77761a248f0006a8f3f36,,,,,,,,,,,,,,,,,{},,,,,,,0|i0005b:,,,,,,,,,,,,,10002,Website,To Do
Customer - Cancel Order,BK-26,10025,Story,To Do,BK,Bookeroo,software,Roman O'Brien,60f776bb411fae00708a2e57,,Medium,,,,David Morrin,60f77761a248f0006a8f3f36,David Morrin,60f77761a248f0006a8f3f36,04/Aug/21 11:28 AM,10/Aug/21 6:35 PM,23/Oct/21 11:48 PM,,,0,,"As a customer, I want to cancel orders within two hours of purchase, so I can take my money back quickly if I mistakenly order",,David Morrin,,60f77761a248f0006a8f3f36,,,,,,,,,,,,,,,,,{},,,,,,,0|i00053:,,,,,,,,,,,,,10002,Website,To Do
Customer - Payment,BK-25,10024,Story,To Do,BK,Bookeroo,software,Roman O'Brien,60f776bb411fae00708a2e57,,Medium,,,,David Morrin,60f77761a248f0006a8f3f36,David Morrin,60f77761a248f0006a8f3f36,04/Aug/21 11:28 AM,10/Aug/21 6:35 PM,23/Oct/21 11:48 PM,,,0,,"As a customer, I want to pay on the website, so that I can purchase books",,David Morrin,,60f77761a248f0006a8f3f36,,,,,,,,,,,,,,,,,{},,,,,,,0|i0004v:,,,,,,,,,,,,,10002,Website,To Do
Customer - Book Search,BK-24,10023,Story,Done,BK,Bookeroo,software,Roman O'Brien,60f776bb411fae00708a2e57,,Highest,Done,David Morrin,60f77761a248f0006a8f3f36,David Morrin,60f77761a248f0006a8f3f36,David Morrin,60f77761a248f0006a8f3f36,04/Aug/21 11:27 AM,18/Sep/21 10:05 PM,23/Oct/21 11:48 PM,18/Sep/21 10:05 PM,,0,,"As a customer, I want to search for books by name/author/ISBN/category, so I can easily find books that I want",,David Morrin,,60f77761a248f0006a8f3f36,,,,,,,,,,,,,,,,,{},,,,,,,0|hzzzzp:,,Sprint 01,Sprint 02,,8.0,,,,,,,,10002,Website,Done
Customer - Add Review,BK-23,10022,Story,To Do,BK,Bookeroo,software,Roman O'Brien,60f776bb411fae00708a2e57,,Low,,,,David Morrin,60f77761a248f0006a8f3f36,David Morrin,60f77761a248f0006a8f3f36,04/Aug/21 11:27 AM,20/Sep/21 5:33 PM,23/Oct/21 11:48 PM,,,0,,"As a customer, I want to add reviews on users or books, so I can let other users  know my thoughts",,David Morrin,,60f77761a248f0006a8f3f36,,,,,,,,,,,,,,,,,{},,,,,,,0|i0002b:,,Sprint 3,,,8.0,,,,,,,,10002,Website,To Do
Publisher - View Book Cover,BK-22,10021,Story,Done,BK,Bookeroo,software,Roman O'Brien,60f776bb411fae00708a2e57,,High,Done,Charlton Ho,607d65af1417e2006aaf4e81,David Morrin,60f77761a248f0006a8f3f36,David Morrin,60f77761a248f0006a8f3f36,04/Aug/21 11:27 AM,18/Sep/21 9:10 PM,23/Oct/21 11:48 PM,18/Sep/21 9:10 PM,,0,,"As a publisher, I want to see the book cover, so that I can see my published book on the website.",,David Morrin,,60f77761a248f0006a8f3f36,,,,,,,,,,,,,,,,,{},,,,,,,0|hzzzzv:,,Sprint 01,Sprint 02,,3.0,,,,,,,,10002,Website,Done
Publisher - View Sales History,BK-21,10020,Story,To Do,BK,Bookeroo,software,Roman O'Brien,60f776bb411fae00708a2e57,,Medium,,,,David Morrin,60f77761a248f0006a8f3f36,David Morrin,60f77761a248f0006a8f3f36,04/Aug/21 11:27 AM,10/Aug/21 6:35 PM,23/Oct/21 11:48 PM,,,0,,"As a shop owner, I want to check my history, so that I can see my sales.",,David Morrin,,60f77761a248f0006a8f3f36,,,,,,,,,,,,,,,,,{},,,,,,,0|i0003z:,,,,,,,,,,,,,10002,Website,To Do
Publisher - Upload Book,BK-20,10019,Story,Done,BK,Bookeroo,software,Roman O'Brien,60f776bb411fae00708a2e57,,High,Done,Roman O'Brien,60f776bb411fae00708a2e57,David Morrin,60f77761a248f0006a8f3f36,David Morrin,60f77761a248f0006a8f3f36,04/Aug/21 11:27 AM,04/Sep/21 7:45 PM,23/Oct/21 11:48 PM,04/Sep/21 7:45 PM,,0,,"As a publisher, I want to be able to upload a book for sale, so that I can make money",,David Morrin,Roman O'Brien,60f77761a248f0006a8f3f36,60f776bb411fae00708a2e57,,,,,,,,,,,,,,,,{},,,,,,,0|hzzzzj:,,Sprint 01,,,34.0,,,,,,,,10002,Website,Done
Publisher - Register Account,BK-19,10018,Story,Done,BK,Bookeroo,software,Roman O'Brien,60f776bb411fae00708a2e57,,Medium,Done,Roman O'Brien,60f776bb411fae00708a2e57,David Morrin,60f77761a248f0006a8f3f36,David Morrin,60f77761a248f0006a8f3f36,04/Aug/21 11:27 AM,22/Oct/21 5:49 PM,22/Oct/21 5:49 PM,22/Oct/21 5:49 PM,,0,,"As a new user, I want to register as a Publisher account, so that I may represent my Book Publisher / Shop",,David Morrin,,60f77761a248f0006a8f3f36,,,,,,,,,,,,,,,,,{},,,,,,,0|i00012:m,,Sprint 3,Sprint 4,,3.0,,,,,,,,10002,Website,Done
Customer - Register Account,BK-18,10017,Story,Done,BK,Bookeroo,software,Roman O'Brien,60f776bb411fae00708a2e57,,Medium,Done,Allen Muthupunnackal Jose,60627fadafe465006a08f591,David Morrin,60f77761a248f0006a8f3f36,David Morrin,60f77761a248f0006a8f3f36,04/Aug/21 11:27 AM,18/Sep/21 10:05 PM,23/Oct/21 11:48 PM,18/Sep/21 10:05 PM,,0,,"As a new user, I want to register as a Public account, so that I can use the website",,David Morrin,,60f77761a248f0006a8f3f36,,,,,,,,,,,,,,,,,{},,,,,,,0|hzzzzy:9,,Sprint 02,,,5.0,,,,,,,,10002,Website,Done
Admin - Download Book Transactions CSV,BK-17,10016,Story,To Do,BK,Bookeroo,software,Roman O'Brien,60f776bb411fae00708a2e57,,Medium,,,,David Morrin,60f77761a248f0006a8f3f36,David Morrin,60f77761a248f0006a8f3f36,04/Aug/21 11:27 AM,10/Aug/21 6:35 PM,23/Oct/21 11:48 PM,,,0,,"As an Admin user, I want to download CSV reports on books transactions, so that I can perform analysis",,David Morrin,,60f77761a248f0006a8f3f36,,,,,,,,,,,,,,,,,{},,,,,,,0|i00033:,,,,,,,,,,,,,10002,Website,To Do
Admin - Download User Transactions CSV,BK-16,10015,Story,To Do,BK,Bookeroo,software,Roman O'Brien,60f776bb411fae00708a2e57,,Medium,,,,David Morrin,60f77761a248f0006a8f3f36,David Morrin,60f77761a248f0006a8f3f36,04/Aug/21 11:27 AM,04/Aug/21 11:45 AM,23/Oct/21 11:48 PM,,,0,,"As an Admin user, I want to download CSV reports on user transactions, so that I can perform analysis",,David Morrin,,60f77761a248f0006a8f3f36,,,,,,,,,,,,,,,,,{},,,,,,,0|i0002v:,,,,,,,,,,,,,10002,Website,To Do
Admin - View Transaction History,BK-15,10014,Story,To Do,BK,Bookeroo,software,Roman O'Brien,60f776bb411fae00708a2e57,,Medium,,,,David Morrin,60f77761a248f0006a8f3f36,David Morrin,60f77761a248f0006a8f3f36,04/Aug/21 11:26 AM,10/Aug/21 6:36 PM,23/Oct/21 11:48 PM,,,0,,"As an Admin user, I want to look at summary of past and current transactions, to perform analysis",,David Morrin,,60f77761a248f0006a8f3f36,,,,,,,,,,,,,,,,,{},,,,,,,0|i0002n:,,,,,,,,,,,,,10002,Website,To Do
Admin - Edit Book,BK-14,10013,Story,In Progress,BK,Bookeroo,software,Roman O'Brien,60f776bb411fae00708a2e57,,Medium,,,,David Morrin,60f77761a248f0006a8f3f36,David Morrin,60f77761a248f0006a8f3f36,04/Aug/21 11:26 AM,04/Oct/21 9:07 AM,07/Oct/21 2:13 PM,,,0,,"As an Admin user, I want to edit books, so that I can update their information",,David Morrin,,60f77761a248f0006a8f3f36,,,,,,,,,,,,,,,,,{},,,,,,,0|i00012:i,,Sprint 3,Sprint 4,,8.0,,,,,,,,10002,Website,In Progress
Admin - Add Book,BK-13,10012,Story,In Progress,BK,Bookeroo,software,Roman O'Brien,60f776bb411fae00708a2e57,,Medium,,,,David Morrin,60f77761a248f0006a8f3f36,David Morrin,60f77761a248f0006a8f3f36,04/Aug/21 11:26 AM,01/Oct/21 1:27 PM,21/Oct/21 5:42 PM,,,0,,"As an Admin user, I want to add books, so that they're accessible on the website on behalf of other users",,David Morrin,,60f77761a248f0006a8f3f36,,,,,,,,,,,,,,,,,{},,,,,,,0|i00019:,,Sprint 3,,,5.0,,,,,,,,10002,Website,In Progress
Admin - Edit User,BK-12,10011,Story,In Progress,BK,Bookeroo,software,Roman O'Brien,60f776bb411fae00708a2e57,,Medium,,,,David Morrin,60f77761a248f0006a8f3f36,David Morrin,60f77761a248f0006a8f3f36,04/Aug/21 11:26 AM,01/Oct/21 1:27 PM,05/Oct/21 5:32 PM,,,0,,"As an Admin user, I want to edit users, so that I can change information about them",,David Morrin,,60f77761a248f0006a8f3f36,,,,,,,,,,,,,,,,,{},,,,,,,0|i0001z:,,Sprint 3,,,5.0,,,,,,,,10002,Website,In Progress
Admin - Delete User,BK-11,10010,Story,In Progress,BK,Bookeroo,software,Roman O'Brien,60f776bb411fae00708a2e57,,Medium,,,,David Morrin,60f77761a248f0006a8f3f36,David Morrin,60f77761a248f0006a8f3f36,04/Aug/21 11:26 AM,01/Oct/21 1:27 PM,05/Oct/21 5:32 PM,,,0,,"As an Admin user, I want to block users, so I can remove harmful individuals",,David Morrin,,60f77761a248f0006a8f3f36,,,,,,,,,,,,,,,,,{},,,,,,,0|i0001r:,,Sprint 3,,,2.0,,,,,,,,10002,Website,In Progress
Admin - Approve User Requests,BK-10,10009,Story,In Progress,BK,Bookeroo,software,Roman O'Brien,60f776bb411fae00708a2e57,,Medium,,,,David Morrin,60f77761a248f0006a8f3f36,David Morrin,60f77761a248f0006a8f3f36,04/Aug/21 11:26 AM,01/Oct/21 1:27 PM,05/Oct/21 5:32 PM,,,0,,"As an Admin user, I want to approve user requests, so that I can have control over user roles",,David Morrin,,60f77761a248f0006a8f3f36,,,,,,,,,,,,,,,,,{},,,,,,,0|i0001j:,,Sprint 3,,,3.0,,,,,,,,10002,Website,In Progress
Admin - Add User,BK-9,10008,Story,Done,BK,Bookeroo,software,Roman O'Brien,60f776bb411fae00708a2e57,,Medium,Done,,,David Morrin,60f77761a248f0006a8f3f36,David Morrin,60f77761a248f0006a8f3f36,04/Aug/21 11:26 AM,02/Oct/21 8:57 PM,23/Oct/21 11:48 PM,02/Oct/21 8:57 PM,,0,,"As an Admin user, I want to add users, so that they may use the site with the roles I choose",,David Morrin,,60f77761a248f0006a8f3f36,,,,,,,,,,,,,,,,,{},,,,,,,0|i00018:,,Sprint 3,,,5.0,,,,,,,,10002,Website,Done
All Users - Login Function,BK-8,10007,Story,To Do,BK,Bookeroo,software,Roman O'Brien,60f776bb411fae00708a2e57,,Medium,,,,David Morrin,60f77761a248f0006a8f3f36,David Morrin,60f77761a248f0006a8f3f36,04/Aug/21 11:26 AM,20/Sep/21 10:30 AM,05/Oct/21 5:31 PM,,,0,,"As a registered user, I want to login, so that I'm able to use the website",,David Morrin,,60f77761a248f0006a8f3f36,,,,,,,,,,,,,,,,,{},,,,,,,0|i00013:,,Sprint 3,,,3.0,,,,,,,,10002,Website,To Do
Website,BK-3,10002,Epic,To Do,BK,Bookeroo,software,Roman O'Brien,60f776bb411fae00708a2e57,,Medium,,,,Roman O'Brien,60f776bb411fae00708a2e57,Roman O'Brien,60f776bb411fae00708a2e57,04/Aug/21 11:15 AM,16/Aug/21 11:55 AM,18/Oct/21 6:00 PM,,17/Oct/21 12:00 AM,0,,,,Roman O'Brien,,60f776bb411fae00708a2e57,,,,,,,,,,,,,,,,,{},,,,,,,0|hzzzzz:,,,,17/Aug/21 12:00 AM,,,,,,,,,,,To Do
