[
    {
        "type": "message",
        "subtype": "channel_join",
        "ts": "1631777511.000200",
        "user": "U0292DR37SM",
        "text": "<@U0292DR37SM> has joined the channel"
    },
    {
        "type": "message",
        "subtype": "channel_purpose",
        "ts": "1631777512.000300",
        "user": "U0292DR37SM",
        "text": "set the channel description: Links to share with others that we wish to save",
        "purpose": "Links to share with others that we wish to save"
    },
    {
        "type": "message",
        "subtype": "channel_join",
        "ts": "1631777516.000600",
        "user": "U028H1ZCRFG",
        "text": "<@U028H1ZCRFG> has joined the channel",
        "inviter": "U0292DR37SM"
    },
    {
        "type": "message",
        "subtype": "channel_join",
        "ts": "1631777516.000800",
        "user": "U028Q0JRT5Z",
        "text": "<@U028Q0JRT5Z> has joined the channel",
        "inviter": "U0292DR37SM"
    },
    {
        "type": "message",
        "subtype": "channel_join",
        "ts": "1631777516.001000",
        "user": "U029DEVGDPA",
        "text": "<@U029DEVGDPA> has joined the channel",
        "inviter": "U0292DR37SM"
    },
    {
        "client_msg_id": "3933f88e-0351-453a-bd73-0a1127357289",
        "type": "message",
        "text": "<https:\/\/stackabuse.com\/guide-to-unit-testing-spring-boot-rest-apis\/>",
        "user": "U029DEVGDPA",
        "ts": "1631777546.001200",
        "team": "T029DES7R6C",
        "user_team": "T029DES7R6C",
        "source_team": "T029DES7R6C",
        "user_profile": {
            "avatar_hash": "geece83cd4c4",
            "image_72": "https:\/\/secure.gravatar.com\/avatar\/eece83cd4c434337d463711b87edc39e.jpg?s=72&d=https%3A%2F%2Fa.slack-edge.com%2Fdf10d%2Fimg%2Favatars%2Fava_0026-72.png",
            "first_name": "",
            "real_name": "David Morrin",
            "display_name": "David Morrin",
            "team": "T029DES7R6C",
            "name": "s3845230",
            "is_restricted": false,
            "is_ultra_restricted": false
        },
        "attachments": [
            {
                "service_name": "Stack Abuse",
                "title": "Guide to Unit Testing Spring Boot REST APIs",
                "title_link": "https:\/\/stackabuse.com\/guide-to-unit-testing-spring-boot-rest-apis\/",
                "text": "In this tutorial, we'll take a look at how to perform Unit Testing on Spring Boot REST APIs with examples, using JUnit, Mockito and MockMVC.",
                "fallback": "Stack Abuse: Guide to Unit Testing Spring Boot REST APIs",
                "fields": [
                    {
                        "title": "Written by",
                        "value": "David Landup",
                        "short": true
                    },
                    {
                        "title": "Filed under",
                        "value": "java, mockito, junit, spring, testing, tdd",
                        "short": true
                    }
                ],
                "ts": 1621965509,
                "from_url": "https:\/\/stackabuse.com\/guide-to-unit-testing-spring-boot-rest-apis\/",
                "service_icon": "https:\/\/stackabuse.com\/favicon.ico",
                "id": 1,
                "original_url": "https:\/\/stackabuse.com\/guide-to-unit-testing-spring-boot-rest-apis\/"
            }
        ],
        "blocks": [
            {
                "type": "rich_text",
                "block_id": "ZC3oD",
                "elements": [
                    {
                        "type": "rich_text_section",
                        "elements": [
                            {
                                "type": "link",
                                "url": "https:\/\/stackabuse.com\/guide-to-unit-testing-spring-boot-rest-apis\/"
                            }
                        ]
                    }
                ]
            }
        ]
    },
    {
        "client_msg_id": "86496709-7fe0-41ea-988b-d58ff72837a3",
        "type": "message",
        "text": "*SpringBoot JWT Authentication Guide*:\n<https:\/\/www.bezkoder.com\/spring-boot-jwt-authentication\/#Define_payloads_for_Spring_RestController>",
        "user": "U0292DR37SM",
        "ts": "1631778817.001600",
        "team": "T029DES7R6C",
        "user_team": "T029DES7R6C",
        "source_team": "T029DES7R6C",
        "user_profile": {
            "avatar_hash": "d65bfa895e54",
            "image_72": "https:\/\/avatars.slack-edge.com\/2021-07-21\/2295838934866_d65bfa895e54f435d12c_72.jpg",
            "first_name": "s3845295",
            "real_name": "s3845295",
            "display_name": "Roman O'Brien",
            "team": "T029DES7R6C",
            "name": "s3845295",
            "is_restricted": false,
            "is_ultra_restricted": false
        },
        "edited": {
            "user": "U0292DR37SM",
            "ts": "1631778833.000000"
        },
        "blocks": [
            {
                "type": "rich_text",
                "block_id": "YUO0",
                "elements": [
                    {
                        "type": "rich_text_section",
                        "elements": [
                            {
                                "type": "text",
                                "text": "SpringBoot JWT Authentication Guide",
                                "style": {
                                    "bold": true
                                }
                            },
                            {
                                "type": "text",
                                "text": ":\n"
                            },
                            {
                                "type": "link",
                                "url": "https:\/\/www.bezkoder.com\/spring-boot-jwt-authentication\/#Define_payloads_for_Spring_RestController"
                            }
                        ]
                    }
                ]
            }
        ],
        "thread_ts": "1631778817.001600",
        "reply_count": 2,
        "reply_users_count": 1,
        "latest_reply": "1631780762.002500",
        "reply_users": [
            "U0292DR37SM"
        ],
        "replies": [
            {
                "user": "U0292DR37SM",
                "ts": "1631780414.002100"
            },
            {
                "user": "U0292DR37SM",
                "ts": "1631780762.002500"
            }
        ],
        "is_locked": false,
        "subscribed": true,
        "last_read": "1631780762.002500"
    },
    {
        "type": "message",
        "subtype": "thread_broadcast",
        "text": "Source code: <https:\/\/github.com\/bezkoder\/spring-boot-spring-security-jwt-authentication>",
        "user": "U0292DR37SM",
        "ts": "1631780414.002100",
        "thread_ts": "1631778817.001600",
        "root": {
            "client_msg_id": "86496709-7fe0-41ea-988b-d58ff72837a3",
            "type": "message",
            "text": "*SpringBoot JWT Authentication Guide*:\n<https:\/\/www.bezkoder.com\/spring-boot-jwt-authentication\/#Define_payloads_for_Spring_RestController>",
            "user": "U0292DR37SM",
            "ts": "1631778817.001600",
            "team": "T029DES7R6C",
            "edited": {
                "user": "U0292DR37SM",
                "ts": "1631778833.000000"
            },
            "blocks": [
                {
                    "type": "rich_text",
                    "block_id": "YUO0",
                    "elements": [
                        {
                            "type": "rich_text_section",
                            "elements": [
                                {
                                    "type": "text",
                                    "text": "SpringBoot JWT Authentication Guide",
                                    "style": {
                                        "bold": true
                                    }
                                },
                                {
                                    "type": "text",
                                    "text": ":\n"
                                },
                                {
                                    "type": "link",
                                    "url": "https:\/\/www.bezkoder.com\/spring-boot-jwt-authentication\/#Define_payloads_for_Spring_RestController"
                                }
                            ]
                        }
                    ]
                }
            ],
            "thread_ts": "1631778817.001600",
            "reply_count": 2,
            "reply_users_count": 1,
            "latest_reply": "1631780762.002500",
            "reply_users": [
                "U0292DR37SM"
            ],
            "replies": [
                {
                    "user": "U0292DR37SM",
                    "ts": "1631780414.002100"
                },
                {
                    "user": "U0292DR37SM",
                    "ts": "1631780762.002500"
                }
            ],
            "is_locked": false,
            "subscribed": true,
            "last_read": "1631780762.002500"
        },
        "blocks": [
            {
                "type": "rich_text",
                "block_id": "n8dXz",
                "elements": [
                    {
                        "type": "rich_text_section",
                        "elements": [
                            {
                                "type": "text",
                                "text": "Source code: "
                            },
                            {
                                "type": "link",
                                "url": "https:\/\/github.com\/bezkoder\/spring-boot-spring-security-jwt-authentication"
                            }
                        ]
                    }
                ]
            }
        ],
        "client_msg_id": "819325cd-097b-4fb1-ad13-59851746780e"
    },
    {
        "type": "message",
        "subtype": "thread_broadcast",
        "text": "*\"Explanation\" Video*: <https:\/\/rmiteduau.sharepoint.com\/sites\/SEPTTeam3\/Shared%20Documents\/General\/Recordings\/General-20210916_175630-Meeting%20Recording.mp4?web=1>",
        "user": "U0292DR37SM",
        "ts": "1631780762.002500",
        "thread_ts": "1631778817.001600",
        "root": {
            "client_msg_id": "86496709-7fe0-41ea-988b-d58ff72837a3",
            "type": "message",
            "text": "*SpringBoot JWT Authentication Guide*:\n<https:\/\/www.bezkoder.com\/spring-boot-jwt-authentication\/#Define_payloads_for_Spring_RestController>",
            "user": "U0292DR37SM",
            "ts": "1631778817.001600",
            "team": "T029DES7R6C",
            "edited": {
                "user": "U0292DR37SM",
                "ts": "1631778833.000000"
            },
            "blocks": [
                {
                    "type": "rich_text",
                    "block_id": "YUO0",
                    "elements": [
                        {
                            "type": "rich_text_section",
                            "elements": [
                                {
                                    "type": "text",
                                    "text": "SpringBoot JWT Authentication Guide",
                                    "style": {
                                        "bold": true
                                    }
                                },
                                {
                                    "type": "text",
                                    "text": ":\n"
                                },
                                {
                                    "type": "link",
                                    "url": "https:\/\/www.bezkoder.com\/spring-boot-jwt-authentication\/#Define_payloads_for_Spring_RestController"
                                }
                            ]
                        }
                    ]
                }
            ],
            "thread_ts": "1631778817.001600",
            "reply_count": 2,
            "reply_users_count": 1,
            "latest_reply": "1631780762.002500",
            "reply_users": [
                "U0292DR37SM"
            ],
            "replies": [
                {
                    "user": "U0292DR37SM",
                    "ts": "1631780414.002100"
                },
                {
                    "user": "U0292DR37SM",
                    "ts": "1631780762.002500"
                }
            ],
            "is_locked": false,
            "subscribed": true,
            "last_read": "1631780762.002500"
        },
        "blocks": [
            {
                "type": "rich_text",
                "block_id": "\/o1",
                "elements": [
                    {
                        "type": "rich_text_section",
                        "elements": [
                            {
                                "type": "text",
                                "text": "\"Explanation\" Video",
                                "style": {
                                    "bold": true
                                }
                            },
                            {
                                "type": "text",
                                "text": ": "
                            },
                            {
                                "type": "link",
                                "url": "https:\/\/rmiteduau.sharepoint.com\/sites\/SEPTTeam3\/Shared%20Documents\/General\/Recordings\/General-20210916_175630-Meeting%20Recording.mp4?web=1"
                            }
                        ]
                    }
                ]
            }
        ],
        "client_msg_id": "09f33dfc-634e-4250-ad24-2d19e8dfd095"
    }
]