[
    {
        "client_msg_id": "c9caaddc-5aac-4fe6-a44c-4bc3cd8b81e4",
        "type": "message",
        "text": "09:30 15SEP Weekly Meeting:\nAttendees: Roman O'Brien, Charlton Ho, Allen Muthupunnackal Jose\n*Notes:*\n• Charton used function for displaying book information - unsure if it would work for other people, Roman validated.\n    ◦ Will have a look at setting up React Testing\n• Roman to work on CircleCI integration today (should be successful after assessment)\n• No meeting with Dipto due to there being no need for consultation and no progress mark this week",
        "user": "U0292DR37SM",
        "ts": "1631664611.002400",
        "team": "T029DES7R6C",
        "user_team": "T029DES7R6C",
        "source_team": "T029DES7R6C",
        "user_profile": {
            "avatar_hash": "d65bfa895e54",
            "image_72": "https:\/\/avatars.slack-edge.com\/2021-07-21\/2295838934866_d65bfa895e54f435d12c_72.jpg",
            "first_name": "s3845295",
            "real_name": "s3845295",
            "display_name": "Roman O'Brien",
            "team": "T029DES7R6C",
            "name": "s3845295",
            "is_restricted": false,
            "is_ultra_restricted": false
        },
        "blocks": [
            {
                "type": "rich_text",
                "block_id": "C=l=G",
                "elements": [
                    {
                        "type": "rich_text_section",
                        "elements": [
                            {
                                "type": "text",
                                "text": "09:30 15SEP Weekly Meeting:\nAttendees: Roman O'Brien, Charlton Ho, Allen Muthupunnackal Jose\n"
                            },
                            {
                                "type": "text",
                                "text": "Notes:",
                                "style": {
                                    "bold": true
                                }
                            },
                            {
                                "type": "text",
                                "text": "\n"
                            }
                        ]
                    },
                    {
                        "type": "rich_text_list",
                        "elements": [
                            {
                                "type": "rich_text_section",
                                "elements": [
                                    {
                                        "type": "text",
                                        "text": "Charton used function for displaying book information - unsure if it would work for other people, Roman validated."
                                    }
                                ]
                            }
                        ],
                        "style": "bullet",
                        "indent": 0,
                        "border": 0
                    },
                    {
                        "type": "rich_text_list",
                        "elements": [
                            {
                                "type": "rich_text_section",
                                "elements": [
                                    {
                                        "type": "text",
                                        "text": "Will have a look at setting up React Testing"
                                    }
                                ]
                            }
                        ],
                        "style": "bullet",
                        "indent": 1,
                        "border": 0
                    },
                    {
                        "type": "rich_text_list",
                        "elements": [
                            {
                                "type": "rich_text_section",
                                "elements": [
                                    {
                                        "type": "text",
                                        "text": "Roman to work on CircleCI integration today (should be successful after assessment)"
                                    }
                                ]
                            },
                            {
                                "type": "rich_text_section",
                                "elements": [
                                    {
                                        "type": "text",
                                        "text": "No meeting with Dipto due to there being no need for consultation and no progress mark this week"
                                    }
                                ]
                            }
                        ],
                        "style": "bullet",
                        "indent": 0,
                        "border": 0
                    }
                ]
            }
        ]
    }
]