[
    {
        "client_msg_id": "ae002cb1-9155-4560-8540-194ea42d3a16",
        "type": "message",
        "text": "17:30 07SEP Sprint Planning:\nAttendees: Roman O'Brien, David Morrin, Charlton Ho, Allen Muthupunnackal Jose\n*Notes:*\n• Completed Sprint 2 Planning document (accessible on Teams)\n• _Meta-Security_ may be a little complex to understand as we do not yet have a Webinar - also it should be done first so that the application is secure while development takes place",
        "user": "U0292DR37SM",
        "ts": "1631003612.001500",
        "team": "T029DES7R6C",
        "user_team": "T029DES7R6C",
        "source_team": "T029DES7R6C",
        "user_profile": {
            "avatar_hash": "d65bfa895e54",
            "image_72": "https:\/\/avatars.slack-edge.com\/2021-07-21\/2295838934866_d65bfa895e54f435d12c_72.jpg",
            "first_name": "s3845295",
            "real_name": "s3845295",
            "display_name": "Roman O'Brien",
            "team": "T029DES7R6C",
            "name": "s3845295",
            "is_restricted": false,
            "is_ultra_restricted": false
        },
        "edited": {
            "user": "U0292DR37SM",
            "ts": "1631086343.000000"
        },
        "blocks": [
            {
                "type": "rich_text",
                "block_id": "MX\/W",
                "elements": [
                    {
                        "type": "rich_text_section",
                        "elements": [
                            {
                                "type": "text",
                                "text": "17:30 07SEP Sprint Planning:\nAttendees: Roman O'Brien, David Morrin, Charlton Ho, Allen Muthupunnackal Jose\n"
                            },
                            {
                                "type": "text",
                                "text": "Notes:",
                                "style": {
                                    "bold": true
                                }
                            },
                            {
                                "type": "text",
                                "text": "\n"
                            }
                        ]
                    },
                    {
                        "type": "rich_text_list",
                        "elements": [
                            {
                                "type": "rich_text_section",
                                "elements": [
                                    {
                                        "type": "text",
                                        "text": "Completed Sprint 2 Planning document (accessible on Teams)"
                                    }
                                ]
                            },
                            {
                                "type": "rich_text_section",
                                "elements": [
                                    {
                                        "type": "text",
                                        "text": "Meta-Security",
                                        "style": {
                                            "italic": true
                                        }
                                    },
                                    {
                                        "type": "text",
                                        "text": " may be a little complex to understand as we do not yet have a Webinar - also it should be done first so that the application is secure while development takes place"
                                    }
                                ]
                            }
                        ],
                        "style": "bullet",
                        "indent": 0,
                        "border": 0
                    }
                ]
            }
        ]
    }
]