[
    {
        "client_msg_id": "de27b2b8-982f-4464-bed1-525f4829aff0",
        "type": "message",
        "text": "17:30 09SEP Daily Meeting:\nAttendees: Roman O'Brien\n*Notes:*\n• Roman: No work completed today - focused on more pertinent assignments unfortunately. ",
        "user": "U0292DR37SM",
        "ts": "1631173220.001300",
        "team": "T029DES7R6C",
        "user_team": "T029DES7R6C",
        "source_team": "T029DES7R6C",
        "user_profile": {
            "avatar_hash": "d65bfa895e54",
            "image_72": "https:\/\/avatars.slack-edge.com\/2021-07-21\/2295838934866_d65bfa895e54f435d12c_72.jpg",
            "first_name": "s3845295",
            "real_name": "s3845295",
            "display_name": "Roman O'Brien",
            "team": "T029DES7R6C",
            "name": "s3845295",
            "is_restricted": false,
            "is_ultra_restricted": false
        },
        "edited": {
            "user": "U0292DR37SM",
            "ts": "1631173232.000000"
        },
        "blocks": [
            {
                "type": "rich_text",
                "block_id": "UA8",
                "elements": [
                    {
                        "type": "rich_text_section",
                        "elements": [
                            {
                                "type": "text",
                                "text": "17:30 09SEP Daily Meeting:\nAttendees: Roman O'Brien\n"
                            },
                            {
                                "type": "text",
                                "text": "Notes:",
                                "style": {
                                    "bold": true
                                }
                            },
                            {
                                "type": "text",
                                "text": "\n"
                            }
                        ]
                    },
                    {
                        "type": "rich_text_list",
                        "elements": [
                            {
                                "type": "rich_text_section",
                                "elements": [
                                    {
                                        "type": "text",
                                        "text": "Roman: No work completed today - focused on more pertinent assignments unfortunately. "
                                    }
                                ]
                            }
                        ],
                        "style": "bullet",
                        "indent": 0,
                        "border": 0
                    }
                ]
            }
        ]
    }
]