[
    {
        "client_msg_id": "b5438477-d59a-4adc-ae62-f2bf4beef6be",
        "type": "message",
        "text": "17:30 13SEP Daily Meeting:\nAttendees: Roman O'Brien, Charlton Ho, Allen Muthupunnackal Jose\n*Notes:*\n• Charlton - search for front-end mostly working\n    ◦ redirects to search results page, displays title of the book\n• Allen - Researching database migration to MySQL \/ equivalent\n• Roman - privileged account types need to go through an approval process (need to work out architecture)\n    ◦ Attempting to work out how to inform the front end of the User.accountType with the JWTLoginResponse.\n• Base code architecture is often not compatible with online guides and tutorials - frustrating to have to try and adapt solutions without restructuring the entire project.\n*Work for this week:*\n• Need backend GET controller for BK-28 View book information\n    ◦ required before work on front-end can start\n• Be vigilant in Jira and assign yourself tasks that you're able to accomplish\n    ◦ Make sure we're updating subtask progess as we go so that other members are aware of what's being worked on\n• Communicate more frequently (most of the marks are for communication and improvement)",
        "user": "U0292DR37SM",
        "ts": "1631518886.001900",
        "team": "T029DES7R6C",
        "user_team": "T029DES7R6C",
        "source_team": "T029DES7R6C",
        "user_profile": {
            "avatar_hash": "d65bfa895e54",
            "image_72": "https:\/\/avatars.slack-edge.com\/2021-07-21\/2295838934866_d65bfa895e54f435d12c_72.jpg",
            "first_name": "s3845295",
            "real_name": "s3845295",
            "display_name": "Roman O'Brien",
            "team": "T029DES7R6C",
            "name": "s3845295",
            "is_restricted": false,
            "is_ultra_restricted": false
        },
        "edited": {
            "user": "U0292DR37SM",
            "ts": "1631664623.000000"
        },
        "blocks": [
            {
                "type": "rich_text",
                "block_id": "=\/JH",
                "elements": [
                    {
                        "type": "rich_text_section",
                        "elements": [
                            {
                                "type": "text",
                                "text": "17:30 13SEP Daily Meeting:\nAttendees: Roman O'Brien, Charlton Ho, Allen Muthupunnackal Jose\n"
                            },
                            {
                                "type": "text",
                                "text": "Notes:",
                                "style": {
                                    "bold": true
                                }
                            },
                            {
                                "type": "text",
                                "text": "\n"
                            }
                        ]
                    },
                    {
                        "type": "rich_text_list",
                        "elements": [
                            {
                                "type": "rich_text_section",
                                "elements": [
                                    {
                                        "type": "text",
                                        "text": "Charlton - search for front-end mostly working"
                                    }
                                ]
                            }
                        ],
                        "style": "bullet",
                        "indent": 0,
                        "border": 0
                    },
                    {
                        "type": "rich_text_list",
                        "elements": [
                            {
                                "type": "rich_text_section",
                                "elements": [
                                    {
                                        "type": "text",
                                        "text": "redirects to search results page, displays title of the book"
                                    }
                                ]
                            }
                        ],
                        "style": "bullet",
                        "indent": 1,
                        "border": 0
                    },
                    {
                        "type": "rich_text_list",
                        "elements": [
                            {
                                "type": "rich_text_section",
                                "elements": [
                                    {
                                        "type": "text",
                                        "text": "Allen - Researching database migration to MySQL \/ equivalent"
                                    }
                                ]
                            },
                            {
                                "type": "rich_text_section",
                                "elements": [
                                    {
                                        "type": "text",
                                        "text": "Roman - privileged account types need to go through an approval process (need to work out architecture)"
                                    }
                                ]
                            }
                        ],
                        "style": "bullet",
                        "indent": 0,
                        "border": 0
                    },
                    {
                        "type": "rich_text_list",
                        "elements": [
                            {
                                "type": "rich_text_section",
                                "elements": [
                                    {
                                        "type": "text",
                                        "text": "Attempting to work out how to inform the front end of the User.accountType with the JWTLoginResponse."
                                    }
                                ]
                            }
                        ],
                        "style": "bullet",
                        "indent": 1,
                        "border": 0
                    },
                    {
                        "type": "rich_text_list",
                        "elements": [
                            {
                                "type": "rich_text_section",
                                "elements": [
                                    {
                                        "type": "text",
                                        "text": "Base code architecture is often not compatible with online guides and tutorials - frustrating to have to try and adapt solutions without restructuring the entire project."
                                    }
                                ]
                            }
                        ],
                        "style": "bullet",
                        "indent": 0,
                        "border": 0
                    },
                    {
                        "type": "rich_text_section",
                        "elements": [
                            {
                                "type": "text",
                                "text": "Work for this week:",
                                "style": {
                                    "bold": true
                                }
                            },
                            {
                                "type": "text",
                                "text": "\n"
                            }
                        ]
                    },
                    {
                        "type": "rich_text_list",
                        "elements": [
                            {
                                "type": "rich_text_section",
                                "elements": [
                                    {
                                        "type": "text",
                                        "text": "Need backend GET controller for BK-28 View book information"
                                    }
                                ]
                            }
                        ],
                        "style": "bullet",
                        "indent": 0,
                        "border": 0
                    },
                    {
                        "type": "rich_text_list",
                        "elements": [
                            {
                                "type": "rich_text_section",
                                "elements": [
                                    {
                                        "type": "text",
                                        "text": "required before work on front-end can start"
                                    }
                                ]
                            }
                        ],
                        "style": "bullet",
                        "indent": 1,
                        "border": 0
                    },
                    {
                        "type": "rich_text_list",
                        "elements": [
                            {
                                "type": "rich_text_section",
                                "elements": [
                                    {
                                        "type": "text",
                                        "text": "Be vigilant in Jira and assign yourself tasks that you're able to accomplish"
                                    }
                                ]
                            }
                        ],
                        "style": "bullet",
                        "indent": 0,
                        "border": 0
                    },
                    {
                        "type": "rich_text_list",
                        "elements": [
                            {
                                "type": "rich_text_section",
                                "elements": [
                                    {
                                        "type": "text",
                                        "text": "Make sure we're updating subtask progess as we go so that other members are aware of what's being worked on"
                                    }
                                ]
                            }
                        ],
                        "style": "bullet",
                        "indent": 1,
                        "border": 0
                    },
                    {
                        "type": "rich_text_list",
                        "elements": [
                            {
                                "type": "rich_text_section",
                                "elements": [
                                    {
                                        "type": "text",
                                        "text": "Communicate more frequently (most of the marks are for communication and improvement)"
                                    }
                                ]
                            }
                        ],
                        "style": "bullet",
                        "indent": 0,
                        "border": 0
                    }
                ]
            }
        ]
    }
]