[
    {
        "client_msg_id": "acc47c19-468e-47ce-b091-f0bbad69e9af",
        "type": "message",
        "text": "17:30 17SEP Sprint Retrospective\nAttendees: Roman O'Brien, David Morrin, Allen Muthupunnackal Jose, Charlton Ho\n*Notes:*\n• Most of the functionality is done - just some tasks need tests to be written \n    ◦ No webinar from homy makes React testing quite difficult\n• Charlton:\n    ◦ history.push doesn't work for our code (homy's written code works), WithRouter works\n    ◦ Simple react tests can be written but they clutter the code\n• Roman:\n    ◦ Testing for UserController.authenticateUser() seems like it'll be very complex - involves lots of other code and database\n    ◦ When merging into &lt;develop&gt; branch, take care to not replace or modify the existing package.json and package-lock.json",
        "user": "U0292DR37SM",
        "ts": "1631951332.003100",
        "team": "T029DES7R6C",
        "user_team": "T029DES7R6C",
        "source_team": "T029DES7R6C",
        "user_profile": {
            "avatar_hash": "d65bfa895e54",
            "image_72": "https:\/\/avatars.slack-edge.com\/2021-07-21\/2295838934866_d65bfa895e54f435d12c_72.jpg",
            "first_name": "s3845295",
            "real_name": "s3845295",
            "display_name": "Roman O'Brien",
            "team": "T029DES7R6C",
            "name": "s3845295",
            "is_restricted": false,
            "is_ultra_restricted": false
        },
        "edited": {
            "user": "U0292DR37SM",
            "ts": "1631951354.000000"
        },
        "blocks": [
            {
                "type": "rich_text",
                "block_id": "kAIp",
                "elements": [
                    {
                        "type": "rich_text_section",
                        "elements": [
                            {
                                "type": "text",
                                "text": "17:30 17SEP Sprint Retrospective\nAttendees: Roman O'Brien, David Morrin, Allen Muthupunnackal Jose, Charlton Ho\n"
                            },
                            {
                                "type": "text",
                                "text": "Notes:",
                                "style": {
                                    "bold": true
                                }
                            },
                            {
                                "type": "text",
                                "text": "\n"
                            }
                        ]
                    },
                    {
                        "type": "rich_text_list",
                        "elements": [
                            {
                                "type": "rich_text_section",
                                "elements": [
                                    {
                                        "type": "text",
                                        "text": "Most of the functionality is done - just some tasks need tests to be written "
                                    }
                                ]
                            }
                        ],
                        "style": "bullet",
                        "indent": 0,
                        "border": 0
                    },
                    {
                        "type": "rich_text_list",
                        "elements": [
                            {
                                "type": "rich_text_section",
                                "elements": [
                                    {
                                        "type": "text",
                                        "text": "No webinar from homy makes React testing quite difficult"
                                    }
                                ]
                            }
                        ],
                        "style": "bullet",
                        "indent": 1,
                        "border": 0
                    },
                    {
                        "type": "rich_text_list",
                        "elements": [
                            {
                                "type": "rich_text_section",
                                "elements": [
                                    {
                                        "type": "text",
                                        "text": "Charlton:"
                                    }
                                ]
                            }
                        ],
                        "style": "bullet",
                        "indent": 0,
                        "border": 0
                    },
                    {
                        "type": "rich_text_list",
                        "elements": [
                            {
                                "type": "rich_text_section",
                                "elements": [
                                    {
                                        "type": "text",
                                        "text": "history.push doesn't work for our code (homy's written code works), WithRouter works"
                                    }
                                ]
                            },
                            {
                                "type": "rich_text_section",
                                "elements": [
                                    {
                                        "type": "text",
                                        "text": "Simple react tests can be written but they clutter the code"
                                    }
                                ]
                            }
                        ],
                        "style": "bullet",
                        "indent": 1,
                        "border": 0
                    },
                    {
                        "type": "rich_text_list",
                        "elements": [
                            {
                                "type": "rich_text_section",
                                "elements": [
                                    {
                                        "type": "text",
                                        "text": "Roman:"
                                    }
                                ]
                            }
                        ],
                        "style": "bullet",
                        "indent": 0,
                        "border": 0
                    },
                    {
                        "type": "rich_text_list",
                        "elements": [
                            {
                                "type": "rich_text_section",
                                "elements": [
                                    {
                                        "type": "text",
                                        "text": "Testing for UserController.authenticateUser() seems like it'll be very complex - involves lots of other code and database"
                                    }
                                ]
                            },
                            {
                                "type": "rich_text_section",
                                "elements": [
                                    {
                                        "type": "text",
                                        "text": "When merging into <develop> branch, take care to not replace or modify the existing package.json and package-lock.json"
                                    }
                                ]
                            }
                        ],
                        "style": "bullet",
                        "indent": 1,
                        "border": 0
                    }
                ]
            }
        ]
    }
]