[
    {
        "client_msg_id": "fb81a9c9-a8fc-481c-b0df-67e5cb281b37",
        "type": "message",
        "text": "17:30 17SEP Daily Meeting:\nAttendees: Roman O'Brien, David Morrin\n*Notes:*\n• David:\n    ◦ Unit testing for Book Upload done\n    ◦ Unit testing for Book Search almost working - not sure how to handle testing when function returns list of books.\n    ◦ Added some more dependencies to the Spring project for testing and QOL\n• Roman:\n    ◦ Been at work all day - nothing new unfortunately!\n    ◦ Depending on how I feel (just had second vaccine dose) I'll finish Continuous Integration tonight (otherwise tomorrow)\n        ▪︎ FrontEnd dockerisation\n        ▪︎ Testing for maven\n        ▪︎ FrontEnd Testing?\n        ▪︎ Maybe another person can research how to run maven tests in CircleCI to reduce the workload?\n    ◦ Unit Acceptance Tests mentioned in the Rubric - what are they and are they required?\n        ▪︎ Yes they're required - they're manual testing for the acceptance tests written for the User Story Cards (Sprint 0)\n    ◦ Make sure to look at the Milestone rubric BEFORE the end of the sprint!\n• Allen:\n    ◦ No longer working on security - feeling unwell after vaccine. ",
        "user": "U0292DR37SM",
        "ts": "1631864542.003600",
        "team": "T029DES7R6C",
        "user_team": "T029DES7R6C",
        "source_team": "T029DES7R6C",
        "user_profile": {
            "avatar_hash": "d65bfa895e54",
            "image_72": "https:\/\/avatars.slack-edge.com\/2021-07-21\/2295838934866_d65bfa895e54f435d12c_72.jpg",
            "first_name": "s3845295",
            "real_name": "s3845295",
            "display_name": "Roman O'Brien",
            "team": "T029DES7R6C",
            "name": "s3845295",
            "is_restricted": false,
            "is_ultra_restricted": false
        },
        "edited": {
            "user": "U0292DR37SM",
            "ts": "1631865931.000000"
        },
        "blocks": [
            {
                "type": "rich_text",
                "block_id": "Fs9C",
                "elements": [
                    {
                        "type": "rich_text_section",
                        "elements": [
                            {
                                "type": "text",
                                "text": "17:30 17SEP Daily Meeting:\nAttendees: Roman O'Brien, David Morrin\n"
                            },
                            {
                                "type": "text",
                                "text": "Notes:",
                                "style": {
                                    "bold": true
                                }
                            },
                            {
                                "type": "text",
                                "text": "\n"
                            }
                        ]
                    },
                    {
                        "type": "rich_text_list",
                        "elements": [
                            {
                                "type": "rich_text_section",
                                "elements": [
                                    {
                                        "type": "text",
                                        "text": "David:"
                                    }
                                ]
                            }
                        ],
                        "style": "bullet",
                        "indent": 0,
                        "border": 0
                    },
                    {
                        "type": "rich_text_list",
                        "elements": [
                            {
                                "type": "rich_text_section",
                                "elements": [
                                    {
                                        "type": "text",
                                        "text": "Unit testing for Book Upload done"
                                    }
                                ]
                            },
                            {
                                "type": "rich_text_section",
                                "elements": [
                                    {
                                        "type": "text",
                                        "text": "Unit testing for Book Search almost working - not sure how to handle testing when function returns list of books."
                                    }
                                ]
                            },
                            {
                                "type": "rich_text_section",
                                "elements": [
                                    {
                                        "type": "text",
                                        "text": "Added some more dependencies to the Spring project for testing and QOL"
                                    }
                                ]
                            }
                        ],
                        "style": "bullet",
                        "indent": 1,
                        "border": 0
                    },
                    {
                        "type": "rich_text_list",
                        "elements": [
                            {
                                "type": "rich_text_section",
                                "elements": [
                                    {
                                        "type": "text",
                                        "text": "Roman:"
                                    }
                                ]
                            }
                        ],
                        "style": "bullet",
                        "indent": 0,
                        "border": 0
                    },
                    {
                        "type": "rich_text_list",
                        "elements": [
                            {
                                "type": "rich_text_section",
                                "elements": [
                                    {
                                        "type": "text",
                                        "text": "Been at work all day - nothing new unfortunately!"
                                    }
                                ]
                            },
                            {
                                "type": "rich_text_section",
                                "elements": [
                                    {
                                        "type": "text",
                                        "text": "Depending on how I feel (just had second vaccine dose) I'll finish Continuous Integration tonight (otherwise tomorrow)"
                                    }
                                ]
                            }
                        ],
                        "style": "bullet",
                        "indent": 1,
                        "border": 0
                    },
                    {
                        "type": "rich_text_list",
                        "elements": [
                            {
                                "type": "rich_text_section",
                                "elements": [
                                    {
                                        "type": "text",
                                        "text": "FrontEnd dockerisation"
                                    }
                                ]
                            },
                            {
                                "type": "rich_text_section",
                                "elements": [
                                    {
                                        "type": "text",
                                        "text": "Testing for maven"
                                    }
                                ]
                            },
                            {
                                "type": "rich_text_section",
                                "elements": [
                                    {
                                        "type": "text",
                                        "text": "FrontEnd Testing?"
                                    }
                                ]
                            },
                            {
                                "type": "rich_text_section",
                                "elements": [
                                    {
                                        "type": "text",
                                        "text": "Maybe another person can research how to run maven tests in CircleCI to reduce the workload?"
                                    }
                                ]
                            }
                        ],
                        "style": "bullet",
                        "indent": 2,
                        "border": 0
                    },
                    {
                        "type": "rich_text_list",
                        "elements": [
                            {
                                "type": "rich_text_section",
                                "elements": [
                                    {
                                        "type": "text",
                                        "text": "Unit Acceptance Tests mentioned in the Rubric - what are they and are they required?"
                                    }
                                ]
                            }
                        ],
                        "style": "bullet",
                        "indent": 1,
                        "border": 0
                    },
                    {
                        "type": "rich_text_list",
                        "elements": [
                            {
                                "type": "rich_text_section",
                                "elements": [
                                    {
                                        "type": "text",
                                        "text": "Yes they're required - they're manual testing for the acceptance tests written for the User Story Cards (Sprint 0)"
                                    }
                                ]
                            }
                        ],
                        "style": "bullet",
                        "indent": 2,
                        "border": 0
                    },
                    {
                        "type": "rich_text_list",
                        "elements": [
                            {
                                "type": "rich_text_section",
                                "elements": [
                                    {
                                        "type": "text",
                                        "text": "Make sure to look at the Milestone rubric BEFORE the end of the sprint!"
                                    }
                                ]
                            }
                        ],
                        "style": "bullet",
                        "indent": 1,
                        "border": 0
                    },
                    {
                        "type": "rich_text_list",
                        "elements": [
                            {
                                "type": "rich_text_section",
                                "elements": [
                                    {
                                        "type": "text",
                                        "text": "Allen:"
                                    }
                                ]
                            }
                        ],
                        "style": "bullet",
                        "indent": 0,
                        "border": 0
                    },
                    {
                        "type": "rich_text_list",
                        "elements": [
                            {
                                "type": "rich_text_section",
                                "elements": [
                                    {
                                        "type": "text",
                                        "text": "No longer working on security - feeling unwell after vaccine. "
                                    }
                                ]
                            }
                        ],
                        "style": "bullet",
                        "indent": 1,
                        "border": 0
                    }
                ]
            }
        ]
    }
]