[
    {
        "client_msg_id": "53f0e099-3554-4669-9544-1aa9ad37b3b1",
        "type": "message",
        "text": "17:30 08SEP Daily Meeting:\nAttendees: Roman O'Brien, Charlton Ho, David Morrin\n*Notes:*\n• Roman working on BK-62 Security - following Homy's linked tutorial\n    ◦ Attempting to setup authentication for Publisher Landing (only publishers\/admin should be able to access)\n• Charlton working on BK-24 Search front-end\n• David to copy code over into new branch (BK-24-book-search-new)",
        "user": "U0292DR37SM",
        "ts": "1631086252.000700",
        "team": "T029DES7R6C",
        "user_team": "T029DES7R6C",
        "source_team": "T029DES7R6C",
        "user_profile": {
            "avatar_hash": "d65bfa895e54",
            "image_72": "https:\/\/avatars.slack-edge.com\/2021-07-21\/2295838934866_d65bfa895e54f435d12c_72.jpg",
            "first_name": "s3845295",
            "real_name": "s3845295",
            "display_name": "Roman O'Brien",
            "team": "T029DES7R6C",
            "name": "s3845295",
            "is_restricted": false,
            "is_ultra_restricted": false
        },
        "edited": {
            "user": "U0292DR37SM",
            "ts": "1631150114.000000"
        },
        "blocks": [
            {
                "type": "rich_text",
                "block_id": "iu9",
                "elements": [
                    {
                        "type": "rich_text_section",
                        "elements": [
                            {
                                "type": "text",
                                "text": "17:30 08SEP Daily Meeting:\nAttendees: Roman O'Brien, Charlton Ho, David Morrin\n"
                            },
                            {
                                "type": "text",
                                "text": "Notes:",
                                "style": {
                                    "bold": true
                                }
                            },
                            {
                                "type": "text",
                                "text": "\n"
                            }
                        ]
                    },
                    {
                        "type": "rich_text_list",
                        "elements": [
                            {
                                "type": "rich_text_section",
                                "elements": [
                                    {
                                        "type": "text",
                                        "text": "Roman working on BK-62 Security - following Homy's linked tutorial"
                                    }
                                ]
                            }
                        ],
                        "style": "bullet",
                        "indent": 0,
                        "border": 0
                    },
                    {
                        "type": "rich_text_list",
                        "elements": [
                            {
                                "type": "rich_text_section",
                                "elements": [
                                    {
                                        "type": "text",
                                        "text": "Attempting to setup authentication for Publisher Landing (only publishers\/admin should be able to access)"
                                    }
                                ]
                            }
                        ],
                        "style": "bullet",
                        "indent": 1,
                        "border": 0
                    },
                    {
                        "type": "rich_text_list",
                        "elements": [
                            {
                                "type": "rich_text_section",
                                "elements": [
                                    {
                                        "type": "text",
                                        "text": "Charlton working on BK-24 Search front-end"
                                    }
                                ]
                            },
                            {
                                "type": "rich_text_section",
                                "elements": [
                                    {
                                        "type": "text",
                                        "text": "David to copy code over into new branch (BK-24-book-search-new)"
                                    }
                                ]
                            }
                        ],
                        "style": "bullet",
                        "indent": 0,
                        "border": 0
                    }
                ]
            }
        ]
    }
]