[
    {
        "client_msg_id": "edfcdd8b-ac8d-4087-98e8-ffecacfa79e6",
        "type": "message",
        "text": "17:30 15SEP Daily Meeting:\nAttendees: Roman O'Brien, David Morrin, Charlton Ho\n*Notes:*\n• Roman to work on CircleCI integration tonight\n• Four days left in sprint - only a few features left - should be manageable?\n• Testing is of main unknown concern - will require some effort to learn and utilise\n• Authorisation headers for restricted pages according to account types\n    ◦ To be discussed with Roman after Charlton and David are finished with their current work - perhaps Allen can focus on this?\n• Charlton: Mobile view of Book info doesn't look good - needs to be touched up (functionality is working)",
        "user": "U0292DR37SM",
        "ts": "1631692067.006000",
        "team": "T029DES7R6C",
        "user_team": "T029DES7R6C",
        "source_team": "T029DES7R6C",
        "user_profile": {
            "avatar_hash": "d65bfa895e54",
            "image_72": "https:\/\/avatars.slack-edge.com\/2021-07-21\/2295838934866_d65bfa895e54f435d12c_72.jpg",
            "first_name": "s3845295",
            "real_name": "s3845295",
            "display_name": "Roman O'Brien",
            "team": "T029DES7R6C",
            "name": "s3845295",
            "is_restricted": false,
            "is_ultra_restricted": false
        },
        "blocks": [
            {
                "type": "rich_text",
                "block_id": "EnqtM",
                "elements": [
                    {
                        "type": "rich_text_section",
                        "elements": [
                            {
                                "type": "text",
                                "text": "17:30 15SEP Daily Meeting:\nAttendees: Roman O'Brien, David Morrin, Charlton Ho\n"
                            },
                            {
                                "type": "text",
                                "text": "Notes:",
                                "style": {
                                    "bold": true
                                }
                            },
                            {
                                "type": "text",
                                "text": "\n"
                            }
                        ]
                    },
                    {
                        "type": "rich_text_list",
                        "elements": [
                            {
                                "type": "rich_text_section",
                                "elements": [
                                    {
                                        "type": "text",
                                        "text": "Roman to work on CircleCI integration tonight"
                                    }
                                ]
                            },
                            {
                                "type": "rich_text_section",
                                "elements": [
                                    {
                                        "type": "text",
                                        "text": "Four days left in sprint - only a few features left - should be manageable?"
                                    }
                                ]
                            },
                            {
                                "type": "rich_text_section",
                                "elements": [
                                    {
                                        "type": "text",
                                        "text": "Testing is of main unknown concern - will require some effort to learn and utilise"
                                    }
                                ]
                            },
                            {
                                "type": "rich_text_section",
                                "elements": [
                                    {
                                        "type": "text",
                                        "text": "Authorisation headers for restricted pages according to account types"
                                    }
                                ]
                            }
                        ],
                        "style": "bullet",
                        "indent": 0,
                        "border": 0
                    },
                    {
                        "type": "rich_text_list",
                        "elements": [
                            {
                                "type": "rich_text_section",
                                "elements": [
                                    {
                                        "type": "text",
                                        "text": "To be discussed with Roman after Charlton and David are finished with their current work - perhaps Allen can focus on this?"
                                    }
                                ]
                            }
                        ],
                        "style": "bullet",
                        "indent": 1,
                        "border": 0
                    },
                    {
                        "type": "rich_text_list",
                        "elements": [
                            {
                                "type": "rich_text_section",
                                "elements": [
                                    {
                                        "type": "text",
                                        "text": "Charlton: Mobile view of Book info doesn't look good - needs to be touched up (functionality is working)"
                                    }
                                ]
                            }
                        ],
                        "style": "bullet",
                        "indent": 0,
                        "border": 0
                    }
                ]
            }
        ]
    }
]