[
    {
        "client_msg_id": "0e9e85d0-0254-4c7c-8033-629e343092f1",
        "type": "message",
        "text": "<@U0292DR37SM> do we have time to do the security stuff tonight? tbh i don't have many waking hours left in me",
        "user": "U029DEVGDPA",
        "ts": "1631961260.014400",
        "team": "T029DES7R6C",
        "user_team": "T029DES7R6C",
        "source_team": "T029DES7R6C",
        "user_profile": {
            "avatar_hash": "geece83cd4c4",
            "image_72": "https:\/\/secure.gravatar.com\/avatar\/eece83cd4c434337d463711b87edc39e.jpg?s=72&d=https%3A%2F%2Fa.slack-edge.com%2Fdf10d%2Fimg%2Favatars%2Fava_0026-72.png",
            "first_name": "",
            "real_name": "David Morrin",
            "display_name": "David Morrin",
            "team": "T029DES7R6C",
            "name": "s3845230",
            "is_restricted": false,
            "is_ultra_restricted": false
        },
        "blocks": [
            {
                "type": "rich_text",
                "block_id": "BeQ",
                "elements": [
                    {
                        "type": "rich_text_section",
                        "elements": [
                            {
                                "type": "user",
                                "user_id": "U0292DR37SM"
                            },
                            {
                                "type": "text",
                                "text": " do we have time to do the security stuff tonight? tbh i don't have many waking hours left in me"
                            }
                        ]
                    }
                ]
            }
        ]
    },
    {
        "client_msg_id": "383896b3-6b2a-4e68-b9d9-07de9f18182d",
        "type": "message",
        "text": "I'm not sure I can be bothered",
        "user": "U0292DR37SM",
        "ts": "1631961272.014700",
        "team": "T029DES7R6C",
        "user_team": "T029DES7R6C",
        "source_team": "T029DES7R6C",
        "user_profile": {
            "avatar_hash": "d65bfa895e54",
            "image_72": "https:\/\/avatars.slack-edge.com\/2021-07-21\/2295838934866_d65bfa895e54f435d12c_72.jpg",
            "first_name": "s3845295",
            "real_name": "s3845295",
            "display_name": "Roman O'Brien",
            "team": "T029DES7R6C",
            "name": "s3845295",
            "is_restricted": false,
            "is_ultra_restricted": false
        },
        "blocks": [
            {
                "type": "rich_text",
                "block_id": "atO",
                "elements": [
                    {
                        "type": "rich_text_section",
                        "elements": [
                            {
                                "type": "text",
                                "text": "I'm not sure I can be bothered"
                            }
                        ]
                    }
                ]
            }
        ],
        "reactions": [
            {
                "name": "+1",
                "users": [
                    "U029DEVGDPA"
                ],
                "count": 1
            }
        ]
    },
    {
        "client_msg_id": "49e1b379-13e5-4da2-ada3-a0c9466c6599",
        "type": "message",
        "text": "I do want to clean up all our branches but i'm glad that it's working now at least",
        "user": "U0292DR37SM",
        "ts": "1631961293.015500",
        "team": "T029DES7R6C",
        "user_team": "T029DES7R6C",
        "source_team": "T029DES7R6C",
        "user_profile": {
            "avatar_hash": "d65bfa895e54",
            "image_72": "https:\/\/avatars.slack-edge.com\/2021-07-21\/2295838934866_d65bfa895e54f435d12c_72.jpg",
            "first_name": "s3845295",
            "real_name": "s3845295",
            "display_name": "Roman O'Brien",
            "team": "T029DES7R6C",
            "name": "s3845295",
            "is_restricted": false,
            "is_ultra_restricted": false
        },
        "blocks": [
            {
                "type": "rich_text",
                "block_id": "NOdT",
                "elements": [
                    {
                        "type": "rich_text_section",
                        "elements": [
                            {
                                "type": "text",
                                "text": "I do want to clean up all our branches but i'm glad that it's working now at least"
                            }
                        ]
                    }
                ]
            }
        ]
    },
    {
        "client_msg_id": "4472075a-407d-4f07-bee6-f8c95589c3cb",
        "type": "message",
        "text": "im just gonna go through and comment and clean up my part of develop",
        "user": "U029DEVGDPA",
        "ts": "1631961300.015800",
        "team": "T029DES7R6C",
        "user_team": "T029DES7R6C",
        "source_team": "T029DES7R6C",
        "user_profile": {
            "avatar_hash": "geece83cd4c4",
            "image_72": "https:\/\/secure.gravatar.com\/avatar\/eece83cd4c434337d463711b87edc39e.jpg?s=72&d=https%3A%2F%2Fa.slack-edge.com%2Fdf10d%2Fimg%2Favatars%2Fava_0026-72.png",
            "first_name": "",
            "real_name": "David Morrin",
            "display_name": "David Morrin",
            "team": "T029DES7R6C",
            "name": "s3845230",
            "is_restricted": false,
            "is_ultra_restricted": false
        },
        "edited": {
            "user": "U029DEVGDPA",
            "ts": "1631961310.000000"
        },
        "blocks": [
            {
                "type": "rich_text",
                "block_id": "VJvSV",
                "elements": [
                    {
                        "type": "rich_text_section",
                        "elements": [
                            {
                                "type": "text",
                                "text": "im just gonna go through and comment and clean up my part of develop"
                            }
                        ]
                    }
                ]
            }
        ],
        "reactions": [
            {
                "name": "heart",
                "users": [
                    "U0292DR37SM"
                ],
                "count": 1
            }
        ]
    },
    {
        "client_msg_id": "4b5242b8-f270-4734-8b35-08481cd9ff0b",
        "type": "message",
        "text": "feel free to delete redundant branches as well",
        "user": "U0292DR37SM",
        "ts": "1631961325.016300",
        "team": "T029DES7R6C",
        "user_team": "T029DES7R6C",
        "source_team": "T029DES7R6C",
        "user_profile": {
            "avatar_hash": "d65bfa895e54",
            "image_72": "https:\/\/avatars.slack-edge.com\/2021-07-21\/2295838934866_d65bfa895e54f435d12c_72.jpg",
            "first_name": "s3845295",
            "real_name": "s3845295",
            "display_name": "Roman O'Brien",
            "team": "T029DES7R6C",
            "name": "s3845295",
            "is_restricted": false,
            "is_ultra_restricted": false
        },
        "blocks": [
            {
                "type": "rich_text",
                "block_id": "D2Ku9",
                "elements": [
                    {
                        "type": "rich_text_section",
                        "elements": [
                            {
                                "type": "text",
                                "text": "feel free to delete redundant branches as well"
                            }
                        ]
                    }
                ]
            }
        ]
    },
    {
        "client_msg_id": "7f88441f-a94e-4239-a812-7784dff728a3",
        "type": "message",
        "text": "makes me happy...",
        "user": "U0292DR37SM",
        "ts": "1631961328.016600",
        "team": "T029DES7R6C",
        "user_team": "T029DES7R6C",
        "source_team": "T029DES7R6C",
        "user_profile": {
            "avatar_hash": "d65bfa895e54",
            "image_72": "https:\/\/avatars.slack-edge.com\/2021-07-21\/2295838934866_d65bfa895e54f435d12c_72.jpg",
            "first_name": "s3845295",
            "real_name": "s3845295",
            "display_name": "Roman O'Brien",
            "team": "T029DES7R6C",
            "name": "s3845295",
            "is_restricted": false,
            "is_ultra_restricted": false
        },
        "blocks": [
            {
                "type": "rich_text",
                "block_id": "nD+",
                "elements": [
                    {
                        "type": "rich_text_section",
                        "elements": [
                            {
                                "type": "text",
                                "text": "makes me happy..."
                            }
                        ]
                    }
                ]
            }
        ]
    },
    {
        "client_msg_id": "a04e11af-f1cd-481e-bce3-bae0cbf37588",
        "type": "message",
        "text": "ill consider it",
        "user": "U029DEVGDPA",
        "ts": "1631961391.016800",
        "team": "T029DES7R6C",
        "user_team": "T029DES7R6C",
        "source_team": "T029DES7R6C",
        "user_profile": {
            "avatar_hash": "geece83cd4c4",
            "image_72": "https:\/\/secure.gravatar.com\/avatar\/eece83cd4c434337d463711b87edc39e.jpg?s=72&d=https%3A%2F%2Fa.slack-edge.com%2Fdf10d%2Fimg%2Favatars%2Fava_0026-72.png",
            "first_name": "",
            "real_name": "David Morrin",
            "display_name": "David Morrin",
            "team": "T029DES7R6C",
            "name": "s3845230",
            "is_restricted": false,
            "is_ultra_restricted": false
        },
        "blocks": [
            {
                "type": "rich_text",
                "block_id": "vb7T",
                "elements": [
                    {
                        "type": "rich_text_section",
                        "elements": [
                            {
                                "type": "text",
                                "text": "ill consider it"
                            }
                        ]
                    }
                ]
            }
        ]
    }
]