[
    {
        "client_msg_id": "49ca9e29-6164-4578-9c83-955e041f6c2d",
        "type": "message",
        "text": "Didn't try",
        "user": "U029DEVGDPA",
        "ts": "1631343618.004900",
        "team": "T029DES7R6C",
        "user_team": "T029DES7R6C",
        "source_team": "T029DES7R6C",
        "user_profile": {
            "avatar_hash": "geece83cd4c4",
            "image_72": "https:\/\/secure.gravatar.com\/avatar\/eece83cd4c434337d463711b87edc39e.jpg?s=72&d=https%3A%2F%2Fa.slack-edge.com%2Fdf10d%2Fimg%2Favatars%2Fava_0026-72.png",
            "first_name": "",
            "real_name": "David Morrin",
            "display_name": "David Morrin",
            "team": "T029DES7R6C",
            "name": "s3845230",
            "is_restricted": false,
            "is_ultra_restricted": false
        },
        "blocks": [
            {
                "type": "rich_text",
                "block_id": "S+af",
                "elements": [
                    {
                        "type": "rich_text_section",
                        "elements": [
                            {
                                "type": "text",
                                "text": "Didn't try"
                            }
                        ]
                    }
                ]
            }
        ]
    },
    {
        "client_msg_id": "91a19fc4-077e-4be3-a55b-3e1c216c70e4",
        "type": "message",
        "text": "I actually never checked postman I just assumed it would work because the front-end did",
        "user": "U0292DR37SM",
        "ts": "1631343626.005100",
        "team": "T029DES7R6C",
        "user_team": "T029DES7R6C",
        "source_team": "T029DES7R6C",
        "user_profile": {
            "avatar_hash": "d65bfa895e54",
            "image_72": "https:\/\/avatars.slack-edge.com\/2021-07-21\/2295838934866_d65bfa895e54f435d12c_72.jpg",
            "first_name": "s3845295",
            "real_name": "s3845295",
            "display_name": "Roman O'Brien",
            "team": "T029DES7R6C",
            "name": "s3845295",
            "is_restricted": false,
            "is_ultra_restricted": false
        },
        "blocks": [
            {
                "type": "rich_text",
                "block_id": "9j+",
                "elements": [
                    {
                        "type": "rich_text_section",
                        "elements": [
                            {
                                "type": "text",
                                "text": "I actually never checked postman I just assumed it would work because the front-end did"
                            }
                        ]
                    }
                ]
            }
        ]
    },
    {
        "client_msg_id": "748ab802-c71a-4582-b1c7-adfbb9032d93",
        "type": "message",
        "text": "oh it might be a CORS thing?",
        "user": "U0292DR37SM",
        "ts": "1631343635.005400",
        "team": "T029DES7R6C",
        "user_team": "T029DES7R6C",
        "source_team": "T029DES7R6C",
        "user_profile": {
            "avatar_hash": "d65bfa895e54",
            "image_72": "https:\/\/avatars.slack-edge.com\/2021-07-21\/2295838934866_d65bfa895e54f435d12c_72.jpg",
            "first_name": "s3845295",
            "real_name": "s3845295",
            "display_name": "Roman O'Brien",
            "team": "T029DES7R6C",
            "name": "s3845295",
            "is_restricted": false,
            "is_ultra_restricted": false
        },
        "blocks": [
            {
                "type": "rich_text",
                "block_id": "Lx03",
                "elements": [
                    {
                        "type": "rich_text_section",
                        "elements": [
                            {
                                "type": "text",
                                "text": "oh it might be a CORS thing?"
                            }
                        ]
                    }
                ]
            }
        ]
    },
    {
        "client_msg_id": "f3aedf57-5f08-4aea-8e79-70c23f9b2582",
        "type": "message",
        "text": "Cors?",
        "user": "U029DEVGDPA",
        "ts": "1631343647.006000",
        "team": "T029DES7R6C",
        "user_team": "T029DES7R6C",
        "source_team": "T029DES7R6C",
        "user_profile": {
            "avatar_hash": "geece83cd4c4",
            "image_72": "https:\/\/secure.gravatar.com\/avatar\/eece83cd4c434337d463711b87edc39e.jpg?s=72&d=https%3A%2F%2Fa.slack-edge.com%2Fdf10d%2Fimg%2Favatars%2Fava_0026-72.png",
            "first_name": "",
            "real_name": "David Morrin",
            "display_name": "David Morrin",
            "team": "T029DES7R6C",
            "name": "s3845230",
            "is_restricted": false,
            "is_ultra_restricted": false
        },
        "blocks": [
            {
                "type": "rich_text",
                "block_id": "rch9b",
                "elements": [
                    {
                        "type": "rich_text_section",
                        "elements": [
                            {
                                "type": "text",
                                "text": "Cors?"
                            }
                        ]
                    }
                ]
            }
        ]
    },
    {
        "client_msg_id": "31ef6bfc-f68b-4815-ab4f-0cf44c1ed843",
        "type": "message",
        "text": "the backend is only accepting REST request from port 3000",
        "user": "U0292DR37SM",
        "ts": "1631343649.006100",
        "team": "T029DES7R6C",
        "user_team": "T029DES7R6C",
        "source_team": "T029DES7R6C",
        "user_profile": {
            "avatar_hash": "d65bfa895e54",
            "image_72": "https:\/\/avatars.slack-edge.com\/2021-07-21\/2295838934866_d65bfa895e54f435d12c_72.jpg",
            "first_name": "s3845295",
            "real_name": "s3845295",
            "display_name": "Roman O'Brien",
            "team": "T029DES7R6C",
            "name": "s3845295",
            "is_restricted": false,
            "is_ultra_restricted": false
        },
        "blocks": [
            {
                "type": "rich_text",
                "block_id": "nUt",
                "elements": [
                    {
                        "type": "rich_text_section",
                        "elements": [
                            {
                                "type": "text",
                                "text": "the backend is only accepting REST request from port 3000"
                            }
                        ]
                    }
                ]
            }
        ]
    },
    {
        "client_msg_id": "09f08d17-3f94-43c9-b5dc-43542ea65bdf",
        "type": "message",
        "text": "cross origin headers",
        "user": "U0292DR37SM",
        "ts": "1631343656.006500",
        "team": "T029DES7R6C",
        "user_team": "T029DES7R6C",
        "source_team": "T029DES7R6C",
        "user_profile": {
            "avatar_hash": "d65bfa895e54",
            "image_72": "https:\/\/avatars.slack-edge.com\/2021-07-21\/2295838934866_d65bfa895e54f435d12c_72.jpg",
            "first_name": "s3845295",
            "real_name": "s3845295",
            "display_name": "Roman O'Brien",
            "team": "T029DES7R6C",
            "name": "s3845295",
            "is_restricted": false,
            "is_ultra_restricted": false
        },
        "blocks": [
            {
                "type": "rich_text",
                "block_id": "oFI=",
                "elements": [
                    {
                        "type": "rich_text_section",
                        "elements": [
                            {
                                "type": "text",
                                "text": "cross origin headers"
                            }
                        ]
                    }
                ]
            }
        ]
    },
    {
        "client_msg_id": "09b44102-813e-40b8-8c2d-894f2259c898",
        "type": "message",
        "text": "I see",
        "user": "U029DEVGDPA",
        "ts": "1631343656.006600",
        "team": "T029DES7R6C",
        "user_team": "T029DES7R6C",
        "source_team": "T029DES7R6C",
        "user_profile": {
            "avatar_hash": "geece83cd4c4",
            "image_72": "https:\/\/secure.gravatar.com\/avatar\/eece83cd4c434337d463711b87edc39e.jpg?s=72&d=https%3A%2F%2Fa.slack-edge.com%2Fdf10d%2Fimg%2Favatars%2Fava_0026-72.png",
            "first_name": "",
            "real_name": "David Morrin",
            "display_name": "David Morrin",
            "team": "T029DES7R6C",
            "name": "s3845230",
            "is_restricted": false,
            "is_ultra_restricted": false
        },
        "blocks": [
            {
                "type": "rich_text",
                "block_id": "x=\/C",
                "elements": [
                    {
                        "type": "rich_text_section",
                        "elements": [
                            {
                                "type": "text",
                                "text": "I see"
                            }
                        ]
                    }
                ]
            }
        ]
    },
    {
        "client_msg_id": "241690b0-3664-4224-96cc-2222071d4277",
        "type": "message",
        "text": "so that would block postman",
        "user": "U0292DR37SM",
        "ts": "1631343665.006900",
        "team": "T029DES7R6C",
        "user_team": "T029DES7R6C",
        "source_team": "T029DES7R6C",
        "user_profile": {
            "avatar_hash": "d65bfa895e54",
            "image_72": "https:\/\/avatars.slack-edge.com\/2021-07-21\/2295838934866_d65bfa895e54f435d12c_72.jpg",
            "first_name": "s3845295",
            "real_name": "s3845295",
            "display_name": "Roman O'Brien",
            "team": "T029DES7R6C",
            "name": "s3845295",
            "is_restricted": false,
            "is_ultra_restricted": false
        },
        "blocks": [
            {
                "type": "rich_text",
                "block_id": "l8co3",
                "elements": [
                    {
                        "type": "rich_text_section",
                        "elements": [
                            {
                                "type": "text",
                                "text": "so that would block postman"
                            }
                        ]
                    }
                ]
            }
        ]
    },
    {
        "client_msg_id": "0db542ab-3466-4011-9a94-24b05c7edfa1",
        "type": "message",
        "text": "jest temporarily change the @CrossOrigin() annotation in the controller to the port that postman uses... (whichever that is...)",
        "user": "U0292DR37SM",
        "ts": "1631343718.008600",
        "team": "T029DES7R6C",
        "user_team": "T029DES7R6C",
        "source_team": "T029DES7R6C",
        "user_profile": {
            "avatar_hash": "d65bfa895e54",
            "image_72": "https:\/\/avatars.slack-edge.com\/2021-07-21\/2295838934866_d65bfa895e54f435d12c_72.jpg",
            "first_name": "s3845295",
            "real_name": "s3845295",
            "display_name": "Roman O'Brien",
            "team": "T029DES7R6C",
            "name": "s3845295",
            "is_restricted": false,
            "is_ultra_restricted": false
        },
        "blocks": [
            {
                "type": "rich_text",
                "block_id": "x6BO",
                "elements": [
                    {
                        "type": "rich_text_section",
                        "elements": [
                            {
                                "type": "text",
                                "text": "jest temporarily change the @CrossOrigin() annotation in the controller to the port that postman uses... (whichever that is...)"
                            }
                        ]
                    }
                ]
            }
        ]
    },
    {
        "client_msg_id": "09230438-4a2d-4542-a381-a2b3dcd2f83e",
        "type": "message",
        "text": "The annotation ATM just says CrossOrigin with no (), do I just change it to CrossOrigin(\"8081\")",
        "user": "U029DEVGDPA",
        "ts": "1631343885.009700",
        "team": "T029DES7R6C",
        "user_team": "T029DES7R6C",
        "source_team": "T029DES7R6C",
        "user_profile": {
            "avatar_hash": "geece83cd4c4",
            "image_72": "https:\/\/secure.gravatar.com\/avatar\/eece83cd4c434337d463711b87edc39e.jpg?s=72&d=https%3A%2F%2Fa.slack-edge.com%2Fdf10d%2Fimg%2Favatars%2Fava_0026-72.png",
            "first_name": "",
            "real_name": "David Morrin",
            "display_name": "David Morrin",
            "team": "T029DES7R6C",
            "name": "s3845230",
            "is_restricted": false,
            "is_ultra_restricted": false
        },
        "blocks": [
            {
                "type": "rich_text",
                "block_id": "WBarL",
                "elements": [
                    {
                        "type": "rich_text_section",
                        "elements": [
                            {
                                "type": "text",
                                "text": "The annotation ATM just says CrossOrigin with no (), do I just change it to CrossOrigin(\"8081\")"
                            }
                        ]
                    }
                ]
            }
        ]
    },
    {
        "client_msg_id": "652c0ab6-98d3-4ff0-9ba6-5d4b686c2d81",
        "type": "message",
        "text": "it's empty? wtf",
        "user": "U0292DR37SM",
        "ts": "1631343935.010000",
        "team": "T029DES7R6C",
        "user_team": "T029DES7R6C",
        "source_team": "T029DES7R6C",
        "user_profile": {
            "avatar_hash": "d65bfa895e54",
            "image_72": "https:\/\/avatars.slack-edge.com\/2021-07-21\/2295838934866_d65bfa895e54f435d12c_72.jpg",
            "first_name": "s3845295",
            "real_name": "s3845295",
            "display_name": "Roman O'Brien",
            "team": "T029DES7R6C",
            "name": "s3845295",
            "is_restricted": false,
            "is_ultra_restricted": false
        },
        "blocks": [
            {
                "type": "rich_text",
                "block_id": "Jg5S+",
                "elements": [
                    {
                        "type": "rich_text_section",
                        "elements": [
                            {
                                "type": "text",
                                "text": "it's empty? wtf"
                            }
                        ]
                    }
                ]
            }
        ]
    },
    {
        "client_msg_id": "b188d135-b16f-4d9b-ba27-a26debee8968",
        "type": "message",
        "text": "oh is this a new controller you made",
        "user": "U0292DR37SM",
        "ts": "1631343944.010400",
        "team": "T029DES7R6C",
        "user_team": "T029DES7R6C",
        "source_team": "T029DES7R6C",
        "user_profile": {
            "avatar_hash": "d65bfa895e54",
            "image_72": "https:\/\/avatars.slack-edge.com\/2021-07-21\/2295838934866_d65bfa895e54f435d12c_72.jpg",
            "first_name": "s3845295",
            "real_name": "s3845295",
            "display_name": "Roman O'Brien",
            "team": "T029DES7R6C",
            "name": "s3845295",
            "is_restricted": false,
            "is_ultra_restricted": false
        },
        "blocks": [
            {
                "type": "rich_text",
                "block_id": "UZa+X",
                "elements": [
                    {
                        "type": "rich_text_section",
                        "elements": [
                            {
                                "type": "text",
                                "text": "oh is this a new controller you made"
                            }
                        ]
                    }
                ]
            }
        ]
    },
    {
        "client_msg_id": "fb744d2c-cda1-4e04-8c79-a1e37106e63f",
        "type": "message",
        "text": "No",
        "user": "U029DEVGDPA",
        "ts": "1631343949.010700",
        "team": "T029DES7R6C",
        "user_team": "T029DES7R6C",
        "source_team": "T029DES7R6C",
        "user_profile": {
            "avatar_hash": "geece83cd4c4",
            "image_72": "https:\/\/secure.gravatar.com\/avatar\/eece83cd4c434337d463711b87edc39e.jpg?s=72&d=https%3A%2F%2Fa.slack-edge.com%2Fdf10d%2Fimg%2Favatars%2Fava_0026-72.png",
            "first_name": "",
            "real_name": "David Morrin",
            "display_name": "David Morrin",
            "team": "T029DES7R6C",
            "name": "s3845230",
            "is_restricted": false,
            "is_ultra_restricted": false
        },
        "blocks": [
            {
                "type": "rich_text",
                "block_id": "LWO7",
                "elements": [
                    {
                        "type": "rich_text_section",
                        "elements": [
                            {
                                "type": "text",
                                "text": "No"
                            }
                        ]
                    }
                ]
            }
        ]
    },
    {
        "client_msg_id": "24ee48b6-d5c9-4c04-932b-91bf7e4137e0",
        "type": "message",
        "text": "I'm so confused",
        "user": "U0292DR37SM",
        "ts": "1631343956.011000",
        "team": "T029DES7R6C",
        "user_team": "T029DES7R6C",
        "source_team": "T029DES7R6C",
        "user_profile": {
            "avatar_hash": "d65bfa895e54",
            "image_72": "https:\/\/avatars.slack-edge.com\/2021-07-21\/2295838934866_d65bfa895e54f435d12c_72.jpg",
            "first_name": "s3845295",
            "real_name": "s3845295",
            "display_name": "Roman O'Brien",
            "team": "T029DES7R6C",
            "name": "s3845295",
            "is_restricted": false,
            "is_ultra_restricted": false
        },
        "blocks": [
            {
                "type": "rich_text",
                "block_id": "jqfqW",
                "elements": [
                    {
                        "type": "rich_text_section",
                        "elements": [
                            {
                                "type": "text",
                                "text": "I'm so confused"
                            }
                        ]
                    }
                ]
            }
        ]
    },
    {
        "client_msg_id": "3acac25f-2fb5-446a-a810-2ccdcf35f4e6",
        "type": "message",
        "text": "Your one",
        "user": "U029DEVGDPA",
        "ts": "1631343957.011200",
        "team": "T029DES7R6C",
        "user_team": "T029DES7R6C",
        "source_team": "T029DES7R6C",
        "user_profile": {
            "avatar_hash": "geece83cd4c4",
            "image_72": "https:\/\/secure.gravatar.com\/avatar\/eece83cd4c434337d463711b87edc39e.jpg?s=72&d=https%3A%2F%2Fa.slack-edge.com%2Fdf10d%2Fimg%2Favatars%2Fava_0026-72.png",
            "first_name": "",
            "real_name": "David Morrin",
            "display_name": "David Morrin",
            "team": "T029DES7R6C",
            "name": "s3845230",
            "is_restricted": false,
            "is_ultra_restricted": false
        },
        "blocks": [
            {
                "type": "rich_text",
                "block_id": "Uj8",
                "elements": [
                    {
                        "type": "rich_text_section",
                        "elements": [
                            {
                                "type": "text",
                                "text": "Your one"
                            }
                        ]
                    }
                ]
            }
        ]
    },
    {
        "client_msg_id": "e85da81b-1af7-4a63-9069-1c16f6522128",
        "type": "message",
        "text": "Just says @CrossOrigin",
        "user": "U029DEVGDPA",
        "ts": "1631343967.011900",
        "team": "T029DES7R6C",
        "user_team": "T029DES7R6C",
        "source_team": "T029DES7R6C",
        "user_profile": {
            "avatar_hash": "geece83cd4c4",
            "image_72": "https:\/\/secure.gravatar.com\/avatar\/eece83cd4c434337d463711b87edc39e.jpg?s=72&d=https%3A%2F%2Fa.slack-edge.com%2Fdf10d%2Fimg%2Favatars%2Fava_0026-72.png",
            "first_name": "",
            "real_name": "David Morrin",
            "display_name": "David Morrin",
            "team": "T029DES7R6C",
            "name": "s3845230",
            "is_restricted": false,
            "is_ultra_restricted": false
        },
        "blocks": [
            {
                "type": "rich_text",
                "block_id": "WfiYU",
                "elements": [
                    {
                        "type": "rich_text_section",
                        "elements": [
                            {
                                "type": "text",
                                "text": "Just says @CrossOrigin"
                            }
                        ]
                    }
                ]
            }
        ]
    },
    {
        "client_msg_id": "e707c112-14d7-470e-b0d1-60f638223ade",
        "type": "message",
        "text": "how on earth was that working",
        "user": "U0292DR37SM",
        "ts": "1631343967.012000",
        "team": "T029DES7R6C",
        "user_team": "T029DES7R6C",
        "source_team": "T029DES7R6C",
        "user_profile": {
            "avatar_hash": "d65bfa895e54",
            "image_72": "https:\/\/avatars.slack-edge.com\/2021-07-21\/2295838934866_d65bfa895e54f435d12c_72.jpg",
            "first_name": "s3845295",
            "real_name": "s3845295",
            "display_name": "Roman O'Brien",
            "team": "T029DES7R6C",
            "name": "s3845295",
            "is_restricted": false,
            "is_ultra_restricted": false
        },
        "blocks": [
            {
                "type": "rich_text",
                "block_id": "c6vbs",
                "elements": [
                    {
                        "type": "rich_text_section",
                        "elements": [
                            {
                                "type": "text",
                                "text": "how on earth was that working"
                            }
                        ]
                    }
                ]
            }
        ]
    },
    {
        "client_msg_id": "1b94a149-7583-46b8-9d71-96a86c81ba2c",
        "type": "message",
        "text": "In controller",
        "user": "U029DEVGDPA",
        "ts": "1631343972.012200",
        "team": "T029DES7R6C",
        "user_team": "T029DES7R6C",
        "source_team": "T029DES7R6C",
        "user_profile": {
            "avatar_hash": "geece83cd4c4",
            "image_72": "https:\/\/secure.gravatar.com\/avatar\/eece83cd4c434337d463711b87edc39e.jpg?s=72&d=https%3A%2F%2Fa.slack-edge.com%2Fdf10d%2Fimg%2Favatars%2Fava_0026-72.png",
            "first_name": "",
            "real_name": "David Morrin",
            "display_name": "David Morrin",
            "team": "T029DES7R6C",
            "name": "s3845230",
            "is_restricted": false,
            "is_ultra_restricted": false
        },
        "blocks": [
            {
                "type": "rich_text",
                "block_id": "eRnS",
                "elements": [
                    {
                        "type": "rich_text_section",
                        "elements": [
                            {
                                "type": "text",
                                "text": "In controller"
                            }
                        ]
                    }
                ]
            }
        ]
    },
    {
        "client_msg_id": "d212316c-8b42-4d7d-bdeb-ca011ec2a7d3",
        "type": "message",
        "text": "haha",
        "user": "U029DEVGDPA",
        "ts": "1631343976.012500",
        "team": "T029DES7R6C",
        "user_team": "T029DES7R6C",
        "source_team": "T029DES7R6C",
        "user_profile": {
            "avatar_hash": "geece83cd4c4",
            "image_72": "https:\/\/secure.gravatar.com\/avatar\/eece83cd4c434337d463711b87edc39e.jpg?s=72&d=https%3A%2F%2Fa.slack-edge.com%2Fdf10d%2Fimg%2Favatars%2Fava_0026-72.png",
            "first_name": "",
            "real_name": "David Morrin",
            "display_name": "David Morrin",
            "team": "T029DES7R6C",
            "name": "s3845230",
            "is_restricted": false,
            "is_ultra_restricted": false
        },
        "blocks": [
            {
                "type": "rich_text",
                "block_id": "AIH",
                "elements": [
                    {
                        "type": "rich_text_section",
                        "elements": [
                            {
                                "type": "text",
                                "text": "haha"
                            }
                        ]
                    }
                ]
            }
        ]
    },
    {
        "client_msg_id": "0cd65499-1caf-4bc6-b1fc-b983972b7211",
        "type": "message",
        "text": "Can we jump in a call",
        "user": "U0292DR37SM",
        "ts": "1631343996.013200",
        "team": "T029DES7R6C",
        "user_team": "T029DES7R6C",
        "source_team": "T029DES7R6C",
        "user_profile": {
            "avatar_hash": "d65bfa895e54",
            "image_72": "https:\/\/avatars.slack-edge.com\/2021-07-21\/2295838934866_d65bfa895e54f435d12c_72.jpg",
            "first_name": "s3845295",
            "real_name": "s3845295",
            "display_name": "Roman O'Brien",
            "team": "T029DES7R6C",
            "name": "s3845295",
            "is_restricted": false,
            "is_ultra_restricted": false
        },
        "blocks": [
            {
                "type": "rich_text",
                "block_id": "+G\/q8",
                "elements": [
                    {
                        "type": "rich_text_section",
                        "elements": [
                            {
                                "type": "text",
                                "text": "Can we jump in a call"
                            }
                        ]
                    }
                ]
            }
        ]
    },
    {
        "client_msg_id": "99eb5020-7576-49d9-8451-4a7e1ab1732f",
        "type": "message",
        "text": "God I keep getting this annoying error 'No property tagLine found for type Book! Did you mean 'tagLine'?",
        "user": "U029DEVGDPA",
        "ts": "1631344023.013900",
        "team": "T029DES7R6C",
        "user_team": "T029DES7R6C",
        "source_team": "T029DES7R6C",
        "user_profile": {
            "avatar_hash": "geece83cd4c4",
            "image_72": "https:\/\/secure.gravatar.com\/avatar\/eece83cd4c434337d463711b87edc39e.jpg?s=72&d=https%3A%2F%2Fa.slack-edge.com%2Fdf10d%2Fimg%2Favatars%2Fava_0026-72.png",
            "first_name": "",
            "real_name": "David Morrin",
            "display_name": "David Morrin",
            "team": "T029DES7R6C",
            "name": "s3845230",
            "is_restricted": false,
            "is_ultra_restricted": false
        },
        "blocks": [
            {
                "type": "rich_text",
                "block_id": "2RUf",
                "elements": [
                    {
                        "type": "rich_text_section",
                        "elements": [
                            {
                                "type": "text",
                                "text": "God I keep getting this annoying error 'No property tagLine found for type Book! Did you mean 'tagLine'?"
                            }
                        ]
                    }
                ]
            }
        ]
    },
    {
        "client_msg_id": "1dc3ccfd-ee8c-4c03-81a2-0d97400e8642",
        "type": "message",
        "text": "Sure",
        "user": "U029DEVGDPA",
        "ts": "1631344028.014100",
        "team": "T029DES7R6C",
        "user_team": "T029DES7R6C",
        "source_team": "T029DES7R6C",
        "user_profile": {
            "avatar_hash": "geece83cd4c4",
            "image_72": "https:\/\/secure.gravatar.com\/avatar\/eece83cd4c434337d463711b87edc39e.jpg?s=72&d=https%3A%2F%2Fa.slack-edge.com%2Fdf10d%2Fimg%2Favatars%2Fava_0026-72.png",
            "first_name": "",
            "real_name": "David Morrin",
            "display_name": "David Morrin",
            "team": "T029DES7R6C",
            "name": "s3845230",
            "is_restricted": false,
            "is_ultra_restricted": false
        },
        "blocks": [
            {
                "type": "rich_text",
                "block_id": "T3cJE",
                "elements": [
                    {
                        "type": "rich_text_section",
                        "elements": [
                            {
                                "type": "text",
                                "text": "Sure"
                            }
                        ]
                    }
                ]
            }
        ]
    },
    {
        "client_msg_id": "2962f47b-8a6d-4aa3-b8e8-d28730788f84",
        "type": "message",
        "text": "<@U029DEVGDPA> you available to help me with something?",
        "user": "U0292DR37SM",
        "ts": "1631422998.000100",
        "team": "T029DES7R6C",
        "user_team": "T029DES7R6C",
        "source_team": "T029DES7R6C",
        "user_profile": {
            "avatar_hash": "d65bfa895e54",
            "image_72": "https:\/\/avatars.slack-edge.com\/2021-07-21\/2295838934866_d65bfa895e54f435d12c_72.jpg",
            "first_name": "s3845295",
            "real_name": "s3845295",
            "display_name": "Roman O'Brien",
            "team": "T029DES7R6C",
            "name": "s3845295",
            "is_restricted": false,
            "is_ultra_restricted": false
        },
        "blocks": [
            {
                "type": "rich_text",
                "block_id": "beuh",
                "elements": [
                    {
                        "type": "rich_text_section",
                        "elements": [
                            {
                                "type": "user",
                                "user_id": "U029DEVGDPA"
                            },
                            {
                                "type": "text",
                                "text": " you available to help me with something?"
                            }
                        ]
                    }
                ]
            }
        ]
    },
    {
        "client_msg_id": "853f9f39-340f-4aa5-ab76-e5b44fc09442",
        "type": "message",
        "text": "Yep",
        "user": "U029DEVGDPA",
        "ts": "1631423044.000600",
        "team": "T029DES7R6C",
        "user_team": "T029DES7R6C",
        "source_team": "T029DES7R6C",
        "user_profile": {
            "avatar_hash": "geece83cd4c4",
            "image_72": "https:\/\/secure.gravatar.com\/avatar\/eece83cd4c434337d463711b87edc39e.jpg?s=72&d=https%3A%2F%2Fa.slack-edge.com%2Fdf10d%2Fimg%2Favatars%2Fava_0026-72.png",
            "first_name": "",
            "real_name": "David Morrin",
            "display_name": "David Morrin",
            "team": "T029DES7R6C",
            "name": "s3845230",
            "is_restricted": false,
            "is_ultra_restricted": false
        },
        "blocks": [
            {
                "type": "rich_text",
                "block_id": "+4=6",
                "elements": [
                    {
                        "type": "rich_text_section",
                        "elements": [
                            {
                                "type": "text",
                                "text": "Yep"
                            }
                        ]
                    }
                ]
            }
        ]
    },
    {
        "client_msg_id": "b64b71aa-1334-4f05-8445-e4277742b7d8",
        "type": "message",
        "text": "Nevermind my internet is bad at the moment I can't share my video",
        "user": "U0292DR37SM",
        "ts": "1631423172.000700",
        "team": "T029DES7R6C",
        "user_team": "T029DES7R6C",
        "source_team": "T029DES7R6C",
        "user_profile": {
            "avatar_hash": "d65bfa895e54",
            "image_72": "https:\/\/avatars.slack-edge.com\/2021-07-21\/2295838934866_d65bfa895e54f435d12c_72.jpg",
            "first_name": "s3845295",
            "real_name": "s3845295",
            "display_name": "Roman O'Brien",
            "team": "T029DES7R6C",
            "name": "s3845295",
            "is_restricted": false,
            "is_ultra_restricted": false
        },
        "blocks": [
            {
                "type": "rich_text",
                "block_id": "L=Ls",
                "elements": [
                    {
                        "type": "rich_text_section",
                        "elements": [
                            {
                                "type": "text",
                                "text": "Nevermind my internet is bad at the moment I can't share my video"
                            }
                        ]
                    }
                ]
            }
        ]
    },
    {
        "client_msg_id": "242466be-a7ea-4892-8903-d17e8b46dd5b",
        "type": "message",
        "text": "unlucky",
        "user": "U029DEVGDPA",
        "ts": "1631423190.000900",
        "team": "T029DES7R6C",
        "user_team": "T029DES7R6C",
        "source_team": "T029DES7R6C",
        "user_profile": {
            "avatar_hash": "geece83cd4c4",
            "image_72": "https:\/\/secure.gravatar.com\/avatar\/eece83cd4c434337d463711b87edc39e.jpg?s=72&d=https%3A%2F%2Fa.slack-edge.com%2Fdf10d%2Fimg%2Favatars%2Fava_0026-72.png",
            "first_name": "",
            "real_name": "David Morrin",
            "display_name": "David Morrin",
            "team": "T029DES7R6C",
            "name": "s3845230",
            "is_restricted": false,
            "is_ultra_restricted": false
        },
        "blocks": [
            {
                "type": "rich_text",
                "block_id": "vWp",
                "elements": [
                    {
                        "type": "rich_text_section",
                        "elements": [
                            {
                                "type": "text",
                                "text": "unlucky"
                            }
                        ]
                    }
                ]
            }
        ],
        "reactions": [
            {
                "name": "+1",
                "users": [
                    "U0292DR37SM"
                ],
                "count": 1
            }
        ]
    }
]