[
    {
        "client_msg_id": "0b9794f0-cb46-48a5-bc7a-ab772d5a9e21",
        "type": "message",
        "text": "DockerHub only allows for one private repository - and it doesn't look like you can share them between users anyway - we'll have to wait to configure that when we deploy",
        "user": "U0292DR37SM",
        "ts": "1631880408.000700",
        "team": "T029DES7R6C",
        "user_team": "T029DES7R6C",
        "source_team": "T029DES7R6C",
        "user_profile": {
            "avatar_hash": "d65bfa895e54",
            "image_72": "https:\/\/avatars.slack-edge.com\/2021-07-21\/2295838934866_d65bfa895e54f435d12c_72.jpg",
            "first_name": "s3845295",
            "real_name": "s3845295",
            "display_name": "Roman O'Brien",
            "team": "T029DES7R6C",
            "name": "s3845295",
            "is_restricted": false,
            "is_ultra_restricted": false
        },
        "blocks": [
            {
                "type": "rich_text",
                "block_id": "iAmy",
                "elements": [
                    {
                        "type": "rich_text_section",
                        "elements": [
                            {
                                "type": "text",
                                "text": "DockerHub only allows for one private repository - and it doesn't look like you can share them between users anyway - we'll have to wait to configure that when we deploy"
                            }
                        ]
                    }
                ]
            }
        ]
    },
    {
        "type": "message",
        "text": ":thinking_face:",
        "files": [
            {
                "id": "F02FHFJ7MUY",
                "created": 1631885629,
                "timestamp": 1631885629,
                "name": "image.png",
                "title": "image.png",
                "mimetype": "image\/png",
                "filetype": "png",
                "pretty_type": "PNG",
                "user": "U0292DR37SM",
                "editable": false,
                "size": 8520,
                "mode": "hosted",
                "is_external": false,
                "external_type": "",
                "is_public": true,
                "public_url_shared": false,
                "display_as_bot": false,
                "username": "",
                "url_private": "https:\/\/files.slack.com\/files-pri\/T029DES7R6C-F02FHFJ7MUY\/image.png?t=xoxe-2319502263216-2503669125045-2506678109635-aa30a433328c78366c105f180f69b1b8",
                "url_private_download": "https:\/\/files.slack.com\/files-pri\/T029DES7R6C-F02FHFJ7MUY\/download\/image.png?t=xoxe-2319502263216-2503669125045-2506678109635-aa30a433328c78366c105f180f69b1b8",
                "thumb_64": "https:\/\/files.slack.com\/files-tmb\/T029DES7R6C-F02FHFJ7MUY-cbf8e47fce\/image_64.png?t=xoxe-2319502263216-2503669125045-2506678109635-aa30a433328c78366c105f180f69b1b8",
                "thumb_80": "https:\/\/files.slack.com\/files-tmb\/T029DES7R6C-F02FHFJ7MUY-cbf8e47fce\/image_80.png?t=xoxe-2319502263216-2503669125045-2506678109635-aa30a433328c78366c105f180f69b1b8",
                "thumb_360": "https:\/\/files.slack.com\/files-tmb\/T029DES7R6C-F02FHFJ7MUY-cbf8e47fce\/image_360.png?t=xoxe-2319502263216-2503669125045-2506678109635-aa30a433328c78366c105f180f69b1b8",
                "thumb_360_w": 360,
                "thumb_360_h": 18,
                "thumb_480": "https:\/\/files.slack.com\/files-tmb\/T029DES7R6C-F02FHFJ7MUY-cbf8e47fce\/image_480.png?t=xoxe-2319502263216-2503669125045-2506678109635-aa30a433328c78366c105f180f69b1b8",
                "thumb_480_w": 480,
                "thumb_480_h": 24,
                "thumb_160": "https:\/\/files.slack.com\/files-tmb\/T029DES7R6C-F02FHFJ7MUY-cbf8e47fce\/image_160.png?t=xoxe-2319502263216-2503669125045-2506678109635-aa30a433328c78366c105f180f69b1b8",
                "thumb_720": "https:\/\/files.slack.com\/files-tmb\/T029DES7R6C-F02FHFJ7MUY-cbf8e47fce\/image_720.png?t=xoxe-2319502263216-2503669125045-2506678109635-aa30a433328c78366c105f180f69b1b8",
                "thumb_720_w": 720,
                "thumb_720_h": 35,
                "thumb_800": "https:\/\/files.slack.com\/files-tmb\/T029DES7R6C-F02FHFJ7MUY-cbf8e47fce\/image_800.png?t=xoxe-2319502263216-2503669125045-2506678109635-aa30a433328c78366c105f180f69b1b8",
                "thumb_800_w": 800,
                "thumb_800_h": 39,
                "thumb_960": "https:\/\/files.slack.com\/files-tmb\/T029DES7R6C-F02FHFJ7MUY-cbf8e47fce\/image_960.png?t=xoxe-2319502263216-2503669125045-2506678109635-aa30a433328c78366c105f180f69b1b8",
                "thumb_960_w": 960,
                "thumb_960_h": 47,
                "thumb_1024": "https:\/\/files.slack.com\/files-tmb\/T029DES7R6C-F02FHFJ7MUY-cbf8e47fce\/image_1024.png?t=xoxe-2319502263216-2503669125045-2506678109635-aa30a433328c78366c105f180f69b1b8",
                "thumb_1024_w": 1024,
                "thumb_1024_h": 50,
                "original_w": 1056,
                "original_h": 52,
                "thumb_tiny": "AwACADC\/RmjtRUlC0maWkoAWgUUgoA\/\/2Q==",
                "permalink": "https:\/\/septteam3.slack.com\/files\/U0292DR37SM\/F02FHFJ7MUY\/image.png",
                "permalink_public": "https:\/\/slack-files.com\/T029DES7R6C-F02FHFJ7MUY-aa3962fbc9",
                "is_starred": false,
                "has_rich_preview": false
            }
        ],
        "upload": false,
        "blocks": [
            {
                "type": "rich_text",
                "block_id": "ca8r",
                "elements": [
                    {
                        "type": "rich_text_section",
                        "elements": [
                            {
                                "type": "emoji",
                                "name": "thinking_face"
                            }
                        ]
                    }
                ]
            }
        ],
        "user": "U0292DR37SM",
        "display_as_bot": false,
        "ts": "1631885638.001400",
        "client_msg_id": "17339f0b-2cf2-4d9b-a723-81a2130b8230"
    },
    {
        "client_msg_id": "b3e48776-f123-4c26-8cbb-4efa9b96fee4",
        "type": "message",
        "text": "aahahahahha",
        "user": "U0292DR37SM",
        "ts": "1631887693.001800",
        "team": "T029DES7R6C",
        "user_team": "T029DES7R6C",
        "source_team": "T029DES7R6C",
        "user_profile": {
            "avatar_hash": "d65bfa895e54",
            "image_72": "https:\/\/avatars.slack-edge.com\/2021-07-21\/2295838934866_d65bfa895e54f435d12c_72.jpg",
            "first_name": "s3845295",
            "real_name": "s3845295",
            "display_name": "Roman O'Brien",
            "team": "T029DES7R6C",
            "name": "s3845295",
            "is_restricted": false,
            "is_ultra_restricted": false
        },
        "blocks": [
            {
                "type": "rich_text",
                "block_id": "uCFox",
                "elements": [
                    {
                        "type": "rich_text_section",
                        "elements": [
                            {
                                "type": "text",
                                "text": "aahahahahha"
                            }
                        ]
                    }
                ]
            }
        ]
    },
    {
        "client_msg_id": "46acf4a6-0f13-4a3e-bdb2-64462aded50e",
        "type": "message",
        "text": "so --- turns out the backend somehow.. automatically turns the imageBlob byteStream INTO Base64 JSON",
        "user": "U0292DR37SM",
        "ts": "1631887719.002400",
        "team": "T029DES7R6C",
        "user_team": "T029DES7R6C",
        "source_team": "T029DES7R6C",
        "user_profile": {
            "avatar_hash": "d65bfa895e54",
            "image_72": "https:\/\/avatars.slack-edge.com\/2021-07-21\/2295838934866_d65bfa895e54f435d12c_72.jpg",
            "first_name": "s3845295",
            "real_name": "s3845295",
            "display_name": "Roman O'Brien",
            "team": "T029DES7R6C",
            "name": "s3845295",
            "is_restricted": false,
            "is_ultra_restricted": false
        },
        "blocks": [
            {
                "type": "rich_text",
                "block_id": "wpoZ",
                "elements": [
                    {
                        "type": "rich_text_section",
                        "elements": [
                            {
                                "type": "text",
                                "text": "so --- turns out the backend somehow.. automatically turns the imageBlob byteStream INTO Base64 JSON"
                            }
                        ]
                    }
                ]
            }
        ]
    },
    {
        "client_msg_id": "b5489131-cd5b-4d04-843d-4ef0a23d6cf5",
        "type": "message",
        "text": "I spent many hours working on a system that both isn't required - and doesn't quite work",
        "user": "U0292DR37SM",
        "ts": "1631887734.002900",
        "team": "T029DES7R6C",
        "user_team": "T029DES7R6C",
        "source_team": "T029DES7R6C",
        "user_profile": {
            "avatar_hash": "d65bfa895e54",
            "image_72": "https:\/\/avatars.slack-edge.com\/2021-07-21\/2295838934866_d65bfa895e54f435d12c_72.jpg",
            "first_name": "s3845295",
            "real_name": "s3845295",
            "display_name": "Roman O'Brien",
            "team": "T029DES7R6C",
            "name": "s3845295",
            "is_restricted": false,
            "is_ultra_restricted": false
        },
        "blocks": [
            {
                "type": "rich_text",
                "block_id": "yU7P",
                "elements": [
                    {
                        "type": "rich_text_section",
                        "elements": [
                            {
                                "type": "text",
                                "text": "I spent many hours working on a system that both isn't required - and doesn't quite work"
                            }
                        ]
                    }
                ]
            }
        ]
    },
    {
        "client_msg_id": "78d794ef-64a3-4efe-98eb-569b63de48ef",
        "type": "message",
        "text": "I'd like my hours back please...",
        "user": "U0292DR37SM",
        "ts": "1631887740.003100",
        "team": "T029DES7R6C",
        "user_team": "T029DES7R6C",
        "source_team": "T029DES7R6C",
        "user_profile": {
            "avatar_hash": "d65bfa895e54",
            "image_72": "https:\/\/avatars.slack-edge.com\/2021-07-21\/2295838934866_d65bfa895e54f435d12c_72.jpg",
            "first_name": "s3845295",
            "real_name": "s3845295",
            "display_name": "Roman O'Brien",
            "team": "T029DES7R6C",
            "name": "s3845295",
            "is_restricted": false,
            "is_ultra_restricted": false
        },
        "blocks": [
            {
                "type": "rich_text",
                "block_id": "8tk",
                "elements": [
                    {
                        "type": "rich_text_section",
                        "elements": [
                            {
                                "type": "text",
                                "text": "I'd like my hours back please..."
                            }
                        ]
                    }
                ]
            }
        ]
    },
    {
        "type": "message",
        "text": "<@U0292DR37SM>in regards to the discussion last night, the resource i was going off does consider this to be 'unit tesing' which isn't guarenteed to be correct, but is worth something",
        "files": [
            {
                "id": "F02EW73J5NW",
                "created": 1631925355,
                "timestamp": 1631925355,
                "name": "image.png",
                "title": "image.png",
                "mimetype": "image\/png",
                "filetype": "png",
                "pretty_type": "PNG",
                "user": "U029DEVGDPA",
                "editable": false,
                "size": 92435,
                "mode": "hosted",
                "is_external": false,
                "external_type": "",
                "is_public": true,
                "public_url_shared": false,
                "display_as_bot": false,
                "username": "",
                "url_private": "https:\/\/files.slack.com\/files-pri\/T029DES7R6C-F02EW73J5NW\/image.png?t=xoxe-2319502263216-2503669125045-2506678109635-aa30a433328c78366c105f180f69b1b8",
                "url_private_download": "https:\/\/files.slack.com\/files-pri\/T029DES7R6C-F02EW73J5NW\/download\/image.png?t=xoxe-2319502263216-2503669125045-2506678109635-aa30a433328c78366c105f180f69b1b8",
                "thumb_64": "https:\/\/files.slack.com\/files-tmb\/T029DES7R6C-F02EW73J5NW-f77269095e\/image_64.png?t=xoxe-2319502263216-2503669125045-2506678109635-aa30a433328c78366c105f180f69b1b8",
                "thumb_80": "https:\/\/files.slack.com\/files-tmb\/T029DES7R6C-F02EW73J5NW-f77269095e\/image_80.png?t=xoxe-2319502263216-2503669125045-2506678109635-aa30a433328c78366c105f180f69b1b8",
                "thumb_360": "https:\/\/files.slack.com\/files-tmb\/T029DES7R6C-F02EW73J5NW-f77269095e\/image_360.png?t=xoxe-2319502263216-2503669125045-2506678109635-aa30a433328c78366c105f180f69b1b8",
                "thumb_360_w": 360,
                "thumb_360_h": 178,
                "thumb_480": "https:\/\/files.slack.com\/files-tmb\/T029DES7R6C-F02EW73J5NW-f77269095e\/image_480.png?t=xoxe-2319502263216-2503669125045-2506678109635-aa30a433328c78366c105f180f69b1b8",
                "thumb_480_w": 480,
                "thumb_480_h": 238,
                "thumb_160": "https:\/\/files.slack.com\/files-tmb\/T029DES7R6C-F02EW73J5NW-f77269095e\/image_160.png?t=xoxe-2319502263216-2503669125045-2506678109635-aa30a433328c78366c105f180f69b1b8",
                "thumb_720": "https:\/\/files.slack.com\/files-tmb\/T029DES7R6C-F02EW73J5NW-f77269095e\/image_720.png?t=xoxe-2319502263216-2503669125045-2506678109635-aa30a433328c78366c105f180f69b1b8",
                "thumb_720_w": 720,
                "thumb_720_h": 357,
                "thumb_800": "https:\/\/files.slack.com\/files-tmb\/T029DES7R6C-F02EW73J5NW-f77269095e\/image_800.png?t=xoxe-2319502263216-2503669125045-2506678109635-aa30a433328c78366c105f180f69b1b8",
                "thumb_800_w": 800,
                "thumb_800_h": 397,
                "thumb_960": "https:\/\/files.slack.com\/files-tmb\/T029DES7R6C-F02EW73J5NW-f77269095e\/image_960.png?t=xoxe-2319502263216-2503669125045-2506678109635-aa30a433328c78366c105f180f69b1b8",
                "thumb_960_w": 960,
                "thumb_960_h": 476,
                "thumb_1024": "https:\/\/files.slack.com\/files-tmb\/T029DES7R6C-F02EW73J5NW-f77269095e\/image_1024.png?t=xoxe-2319502263216-2503669125045-2506678109635-aa30a433328c78366c105f180f69b1b8",
                "thumb_1024_w": 1024,
                "thumb_1024_h": 508,
                "original_w": 1178,
                "original_h": 584,
                "thumb_tiny": "AwAXADCkMY\/+tS8f5FC9KWgBuBRge9LmjNADcD3oNLQelAABwOaXn1oHQUtACYPrRjA60tI33aAEyPWkNJRQB\/\/Z",
                "permalink": "https:\/\/septteam3.slack.com\/files\/U029DEVGDPA\/F02EW73J5NW\/image.png",
                "permalink_public": "https:\/\/slack-files.com\/T029DES7R6C-F02EW73J5NW-06e460b293",
                "is_starred": false,
                "has_rich_preview": false
            }
        ],
        "upload": false,
        "blocks": [
            {
                "type": "rich_text",
                "block_id": "iJd2",
                "elements": [
                    {
                        "type": "rich_text_section",
                        "elements": [
                            {
                                "type": "user",
                                "user_id": "U0292DR37SM"
                            },
                            {
                                "type": "text",
                                "text": "in regards to the discussion last night, the resource i was going off does consider this to be 'unit tesing' which isn't guarenteed to be correct, but is worth something"
                            }
                        ]
                    }
                ]
            }
        ],
        "user": "U029DEVGDPA",
        "display_as_bot": false,
        "ts": "1631925451.000900",
        "edited": {
            "user": "U029DEVGDPA",
            "ts": "1631925467.000000"
        },
        "client_msg_id": "5f332da8-b809-4454-9908-719eb9a650a6",
        "reactions": [
            {
                "name": "+1",
                "users": [
                    "U0292DR37SM"
                ],
                "count": 1
            }
        ]
    },
    {
        "client_msg_id": "e45a207e-c57c-4e2b-b50f-ea6c4875d545",
        "type": "message",
        "text": "in the current push to book-search-new, the image blob stuff is commented out right now",
        "user": "U029DEVGDPA",
        "ts": "1631927803.002800",
        "team": "T029DES7R6C",
        "user_team": "T029DES7R6C",
        "source_team": "T029DES7R6C",
        "user_profile": {
            "avatar_hash": "geece83cd4c4",
            "image_72": "https:\/\/secure.gravatar.com\/avatar\/eece83cd4c434337d463711b87edc39e.jpg?s=72&d=https%3A%2F%2Fa.slack-edge.com%2Fdf10d%2Fimg%2Favatars%2Fava_0026-72.png",
            "first_name": "",
            "real_name": "David Morrin",
            "display_name": "David Morrin",
            "team": "T029DES7R6C",
            "name": "s3845230",
            "is_restricted": false,
            "is_ultra_restricted": false
        },
        "blocks": [
            {
                "type": "rich_text",
                "block_id": "ESo",
                "elements": [
                    {
                        "type": "rich_text_section",
                        "elements": [
                            {
                                "type": "text",
                                "text": "in the current push to book-search-new, the image blob stuff is commented out right now"
                            }
                        ]
                    }
                ]
            }
        ]
    },
    {
        "client_msg_id": "1ec07ae0-b561-441c-b556-b80b1b8d82dd",
        "type": "message",
        "text": "while i try to sort out the unit testing",
        "user": "U029DEVGDPA",
        "ts": "1631927812.003200",
        "team": "T029DES7R6C",
        "user_team": "T029DES7R6C",
        "source_team": "T029DES7R6C",
        "user_profile": {
            "avatar_hash": "geece83cd4c4",
            "image_72": "https:\/\/secure.gravatar.com\/avatar\/eece83cd4c434337d463711b87edc39e.jpg?s=72&d=https%3A%2F%2Fa.slack-edge.com%2Fdf10d%2Fimg%2Favatars%2Fava_0026-72.png",
            "first_name": "",
            "real_name": "David Morrin",
            "display_name": "David Morrin",
            "team": "T029DES7R6C",
            "name": "s3845230",
            "is_restricted": false,
            "is_ultra_restricted": false
        },
        "blocks": [
            {
                "type": "rich_text",
                "block_id": "ZVX",
                "elements": [
                    {
                        "type": "rich_text_section",
                        "elements": [
                            {
                                "type": "text",
                                "text": "while i try to sort out the unit testing"
                            }
                        ]
                    }
                ]
            }
        ],
        "reactions": [
            {
                "name": "+1",
                "users": [
                    "U0292DR37SM"
                ],
                "count": 1
            }
        ]
    },
    {
        "client_msg_id": "45ae2be3-9e15-4c5a-b0df-1ab41a102ac5",
        "type": "message",
        "text": "i'm working in view-book anyway so there shouldn't be any conflicts",
        "user": "U0292DR37SM",
        "ts": "1631928236.003700",
        "team": "T029DES7R6C",
        "user_team": "T029DES7R6C",
        "source_team": "T029DES7R6C",
        "user_profile": {
            "avatar_hash": "d65bfa895e54",
            "image_72": "https:\/\/avatars.slack-edge.com\/2021-07-21\/2295838934866_d65bfa895e54f435d12c_72.jpg",
            "first_name": "s3845295",
            "real_name": "s3845295",
            "display_name": "Roman O'Brien",
            "team": "T029DES7R6C",
            "name": "s3845295",
            "is_restricted": false,
            "is_ultra_restricted": false
        },
        "blocks": [
            {
                "type": "rich_text",
                "block_id": "BmCs",
                "elements": [
                    {
                        "type": "rich_text_section",
                        "elements": [
                            {
                                "type": "text",
                                "text": "i'm working in view-book anyway so there shouldn't be any conflicts"
                            }
                        ]
                    }
                ]
            }
        ]
    },
    {
        "client_msg_id": "bca39d8a-74e1-4f7a-a812-1924f1aa9518",
        "type": "message",
        "text": "sweet yeah that's why i moved back to search to do my testing",
        "user": "U029DEVGDPA",
        "ts": "1631928287.004300",
        "team": "T029DES7R6C",
        "user_team": "T029DES7R6C",
        "source_team": "T029DES7R6C",
        "user_profile": {
            "avatar_hash": "geece83cd4c4",
            "image_72": "https:\/\/secure.gravatar.com\/avatar\/eece83cd4c434337d463711b87edc39e.jpg?s=72&d=https%3A%2F%2Fa.slack-edge.com%2Fdf10d%2Fimg%2Favatars%2Fava_0026-72.png",
            "first_name": "",
            "real_name": "David Morrin",
            "display_name": "David Morrin",
            "team": "T029DES7R6C",
            "name": "s3845230",
            "is_restricted": false,
            "is_ultra_restricted": false
        },
        "blocks": [
            {
                "type": "rich_text",
                "block_id": "6Fpzk",
                "elements": [
                    {
                        "type": "rich_text_section",
                        "elements": [
                            {
                                "type": "text",
                                "text": "sweet yeah that's why i moved back to search to do my testing"
                            }
                        ]
                    }
                ]
            }
        ]
    },
    {
        "client_msg_id": "02cc2cca-683f-49b1-a618-68470e6d5ae2",
        "type": "message",
        "text": "ok its working, and i changed it to not access database at all since we're gonna change database anyway - except i dont know how to handle a byte[] i guess",
        "user": "U029DEVGDPA",
        "ts": "1631931646.005300",
        "team": "T029DES7R6C",
        "user_team": "T029DES7R6C",
        "source_team": "T029DES7R6C",
        "user_profile": {
            "avatar_hash": "geece83cd4c4",
            "image_72": "https:\/\/secure.gravatar.com\/avatar\/eece83cd4c434337d463711b87edc39e.jpg?s=72&d=https%3A%2F%2Fa.slack-edge.com%2Fdf10d%2Fimg%2Favatars%2Fava_0026-72.png",
            "first_name": "",
            "real_name": "David Morrin",
            "display_name": "David Morrin",
            "team": "T029DES7R6C",
            "name": "s3845230",
            "is_restricted": false,
            "is_ultra_restricted": false
        },
        "blocks": [
            {
                "type": "rich_text",
                "block_id": "mhn",
                "elements": [
                    {
                        "type": "rich_text_section",
                        "elements": [
                            {
                                "type": "text",
                                "text": "ok its working, and i changed it to not access database at all since we're gonna change database anyway - except i dont know how to handle a byte[] i guess"
                            }
                        ]
                    }
                ]
            }
        ],
        "reactions": [
            {
                "name": "joy",
                "users": [
                    "U0292DR37SM"
                ],
                "count": 1
            }
        ]
    },
    {
        "client_msg_id": "4e83870f-0d55-486e-8e4a-5ab410518485",
        "type": "message",
        "text": "ill have to look into the imageType and imageBlob are handled",
        "user": "U029DEVGDPA",
        "ts": "1631932113.006000",
        "team": "T029DES7R6C",
        "user_team": "T029DES7R6C",
        "source_team": "T029DES7R6C",
        "user_profile": {
            "avatar_hash": "geece83cd4c4",
            "image_72": "https:\/\/secure.gravatar.com\/avatar\/eece83cd4c434337d463711b87edc39e.jpg?s=72&d=https%3A%2F%2Fa.slack-edge.com%2Fdf10d%2Fimg%2Favatars%2Fava_0026-72.png",
            "first_name": "",
            "real_name": "David Morrin",
            "display_name": "David Morrin",
            "team": "T029DES7R6C",
            "name": "s3845230",
            "is_restricted": false,
            "is_ultra_restricted": false
        },
        "blocks": [
            {
                "type": "rich_text",
                "block_id": "\/ipjn",
                "elements": [
                    {
                        "type": "rich_text_section",
                        "elements": [
                            {
                                "type": "text",
                                "text": "ill have to look into the imageType and imageBlob are handled"
                            }
                        ]
                    }
                ]
            }
        ]
    },
    {
        "client_msg_id": "bc6b0beb-5f24-4ff3-975a-1d09724a6bc9",
        "type": "message",
        "text": "ah this is very annoying",
        "user": "U029DEVGDPA",
        "ts": "1631933524.006300",
        "team": "T029DES7R6C",
        "user_team": "T029DES7R6C",
        "source_team": "T029DES7R6C",
        "user_profile": {
            "avatar_hash": "geece83cd4c4",
            "image_72": "https:\/\/secure.gravatar.com\/avatar\/eece83cd4c434337d463711b87edc39e.jpg?s=72&d=https%3A%2F%2Fa.slack-edge.com%2Fdf10d%2Fimg%2Favatars%2Fava_0026-72.png",
            "first_name": "",
            "real_name": "David Morrin",
            "display_name": "David Morrin",
            "team": "T029DES7R6C",
            "name": "s3845230",
            "is_restricted": false,
            "is_ultra_restricted": false
        },
        "blocks": [
            {
                "type": "rich_text",
                "block_id": "hEnvM",
                "elements": [
                    {
                        "type": "rich_text_section",
                        "elements": [
                            {
                                "type": "text",
                                "text": "ah this is very annoying"
                            }
                        ]
                    }
                ]
            }
        ],
        "reactions": [
            {
                "name": "+1",
                "users": [
                    "U0292DR37SM"
                ],
                "count": 1
            }
        ]
    },
    {
        "client_msg_id": "a95fb03c-d45b-40d6-9b12-bc6eaa3af69c",
        "type": "message",
        "text": "ahhhh",
        "user": "U029DEVGDPA",
        "ts": "1631934515.007200",
        "team": "T029DES7R6C",
        "user_team": "T029DES7R6C",
        "source_team": "T029DES7R6C",
        "user_profile": {
            "avatar_hash": "geece83cd4c4",
            "image_72": "https:\/\/secure.gravatar.com\/avatar\/eece83cd4c434337d463711b87edc39e.jpg?s=72&d=https%3A%2F%2Fa.slack-edge.com%2Fdf10d%2Fimg%2Favatars%2Fava_0026-72.png",
            "first_name": "",
            "real_name": "David Morrin",
            "display_name": "David Morrin",
            "team": "T029DES7R6C",
            "name": "s3845230",
            "is_restricted": false,
            "is_ultra_restricted": false
        },
        "blocks": [
            {
                "type": "rich_text",
                "block_id": "oJ+m",
                "elements": [
                    {
                        "type": "rich_text_section",
                        "elements": [
                            {
                                "type": "text",
                                "text": "ahhhh"
                            }
                        ]
                    }
                ]
            }
        ]
    },
    {
        "client_msg_id": "0bd3ebc9-0e46-4b86-8158-add07fd3603d",
        "type": "message",
        "text": "the backend only gets sent imageData, imageType and Blob don't exist in the POST json",
        "user": "U029DEVGDPA",
        "ts": "1631934555.008100",
        "team": "T029DES7R6C",
        "user_team": "T029DES7R6C",
        "source_team": "T029DES7R6C",
        "user_profile": {
            "avatar_hash": "geece83cd4c4",
            "image_72": "https:\/\/secure.gravatar.com\/avatar\/eece83cd4c434337d463711b87edc39e.jpg?s=72&d=https%3A%2F%2Fa.slack-edge.com%2Fdf10d%2Fimg%2Favatars%2Fava_0026-72.png",
            "first_name": "",
            "real_name": "David Morrin",
            "display_name": "David Morrin",
            "team": "T029DES7R6C",
            "name": "s3845230",
            "is_restricted": false,
            "is_ultra_restricted": false
        },
        "blocks": [
            {
                "type": "rich_text",
                "block_id": "g7S",
                "elements": [
                    {
                        "type": "rich_text_section",
                        "elements": [
                            {
                                "type": "text",
                                "text": "the backend only gets sent imageData, imageType and Blob don't exist in the POST json"
                            }
                        ]
                    }
                ]
            }
        ],
        "reactions": [
            {
                "name": "+1",
                "users": [
                    "U0292DR37SM"
                ],
                "count": 1
            }
        ]
    },
    {
        "client_msg_id": "f0252c2e-b88e-4d66-9adc-882bde7cb6c9",
        "type": "message",
        "text": "i see",
        "user": "U029DEVGDPA",
        "ts": "1631934556.008300",
        "team": "T029DES7R6C",
        "user_team": "T029DES7R6C",
        "source_team": "T029DES7R6C",
        "user_profile": {
            "avatar_hash": "geece83cd4c4",
            "image_72": "https:\/\/secure.gravatar.com\/avatar\/eece83cd4c434337d463711b87edc39e.jpg?s=72&d=https%3A%2F%2Fa.slack-edge.com%2Fdf10d%2Fimg%2Favatars%2Fava_0026-72.png",
            "first_name": "",
            "real_name": "David Morrin",
            "display_name": "David Morrin",
            "team": "T029DES7R6C",
            "name": "s3845230",
            "is_restricted": false,
            "is_ultra_restricted": false
        },
        "blocks": [
            {
                "type": "rich_text",
                "block_id": "hWR",
                "elements": [
                    {
                        "type": "rich_text_section",
                        "elements": [
                            {
                                "type": "text",
                                "text": "i see"
                            }
                        ]
                    }
                ]
            }
        ]
    },
    {
        "client_msg_id": "5ae75fb7-7f49-4ea5-b054-e212a4b320d3",
        "type": "message",
        "text": "ok now it works",
        "user": "U029DEVGDPA",
        "ts": "1631934559.008500",
        "team": "T029DES7R6C",
        "user_team": "T029DES7R6C",
        "source_team": "T029DES7R6C",
        "user_profile": {
            "avatar_hash": "geece83cd4c4",
            "image_72": "https:\/\/secure.gravatar.com\/avatar\/eece83cd4c434337d463711b87edc39e.jpg?s=72&d=https%3A%2F%2Fa.slack-edge.com%2Fdf10d%2Fimg%2Favatars%2Fava_0026-72.png",
            "first_name": "",
            "real_name": "David Morrin",
            "display_name": "David Morrin",
            "team": "T029DES7R6C",
            "name": "s3845230",
            "is_restricted": false,
            "is_ultra_restricted": false
        },
        "blocks": [
            {
                "type": "rich_text",
                "block_id": "S+M",
                "elements": [
                    {
                        "type": "rich_text_section",
                        "elements": [
                            {
                                "type": "text",
                                "text": "ok now it works"
                            }
                        ]
                    }
                ]
            }
        ]
    },
    {
        "client_msg_id": "63f64957-03ce-4dd3-a1f2-c06d7db32451",
        "type": "message",
        "text": "sorry I probably could have explained that",
        "user": "U0292DR37SM",
        "ts": "1631934920.008700",
        "team": "T029DES7R6C",
        "user_team": "T029DES7R6C",
        "source_team": "T029DES7R6C",
        "user_profile": {
            "avatar_hash": "d65bfa895e54",
            "image_72": "https:\/\/avatars.slack-edge.com\/2021-07-21\/2295838934866_d65bfa895e54f435d12c_72.jpg",
            "first_name": "s3845295",
            "real_name": "s3845295",
            "display_name": "Roman O'Brien",
            "team": "T029DES7R6C",
            "name": "s3845295",
            "is_restricted": false,
            "is_ultra_restricted": false
        },
        "blocks": [
            {
                "type": "rich_text",
                "block_id": "pdyL",
                "elements": [
                    {
                        "type": "rich_text_section",
                        "elements": [
                            {
                                "type": "text",
                                "text": "sorry I probably could have explained that"
                            }
                        ]
                    }
                ]
            }
        ]
    },
    {
        "client_msg_id": "17e3e26f-10c6-4d81-ae90-4414f5355a4e",
        "type": "message",
        "text": "wasn't sure what you were up to lmao",
        "user": "U0292DR37SM",
        "ts": "1631934939.009000",
        "team": "T029DES7R6C",
        "user_team": "T029DES7R6C",
        "source_team": "T029DES7R6C",
        "user_profile": {
            "avatar_hash": "d65bfa895e54",
            "image_72": "https:\/\/avatars.slack-edge.com\/2021-07-21\/2295838934866_d65bfa895e54f435d12c_72.jpg",
            "first_name": "s3845295",
            "real_name": "s3845295",
            "display_name": "Roman O'Brien",
            "team": "T029DES7R6C",
            "name": "s3845295",
            "is_restricted": false,
            "is_ultra_restricted": false
        },
        "blocks": [
            {
                "type": "rich_text",
                "block_id": "S=lA",
                "elements": [
                    {
                        "type": "rich_text_section",
                        "elements": [
                            {
                                "type": "text",
                                "text": "wasn't sure what you were up to lmao"
                            }
                        ]
                    }
                ]
            }
        ]
    },
    {
        "client_msg_id": "f20c32ec-ee0a-4a67-89f2-353066888e84",
        "type": "message",
        "text": "na bit of a case of 'reading the code explains the code' for me",
        "user": "U029DEVGDPA",
        "ts": "1631935288.009600",
        "team": "T029DES7R6C",
        "user_team": "T029DES7R6C",
        "source_team": "T029DES7R6C",
        "user_profile": {
            "avatar_hash": "geece83cd4c4",
            "image_72": "https:\/\/secure.gravatar.com\/avatar\/eece83cd4c434337d463711b87edc39e.jpg?s=72&d=https%3A%2F%2Fa.slack-edge.com%2Fdf10d%2Fimg%2Favatars%2Fava_0026-72.png",
            "first_name": "",
            "real_name": "David Morrin",
            "display_name": "David Morrin",
            "team": "T029DES7R6C",
            "name": "s3845230",
            "is_restricted": false,
            "is_ultra_restricted": false
        },
        "blocks": [
            {
                "type": "rich_text",
                "block_id": "kM2Oz",
                "elements": [
                    {
                        "type": "rich_text_section",
                        "elements": [
                            {
                                "type": "text",
                                "text": "na bit of a case of 'reading the code explains the code' for me"
                            }
                        ]
                    }
                ]
            }
        ],
        "reactions": [
            {
                "name": "joy",
                "users": [
                    "U0292DR37SM"
                ],
                "count": 1
            }
        ]
    },
    {
        "client_msg_id": "d23813f9-a124-493d-af05-b79a2b1a6313",
        "type": "message",
        "text": "<@U028H1ZCRFG> I'm going to delete the security branch now - if there's some code you wrote that you still think will be useful then just push it and we can merge it later",
        "user": "U0292DR37SM",
        "ts": "1631945082.010500",
        "team": "T029DES7R6C",
        "user_team": "T029DES7R6C",
        "source_team": "T029DES7R6C",
        "user_profile": {
            "avatar_hash": "d65bfa895e54",
            "image_72": "https:\/\/avatars.slack-edge.com\/2021-07-21\/2295838934866_d65bfa895e54f435d12c_72.jpg",
            "first_name": "s3845295",
            "real_name": "s3845295",
            "display_name": "Roman O'Brien",
            "team": "T029DES7R6C",
            "name": "s3845295",
            "is_restricted": false,
            "is_ultra_restricted": false
        },
        "blocks": [
            {
                "type": "rich_text",
                "block_id": "5tNU2",
                "elements": [
                    {
                        "type": "rich_text_section",
                        "elements": [
                            {
                                "type": "user",
                                "user_id": "U028H1ZCRFG"
                            },
                            {
                                "type": "text",
                                "text": " I'm going to delete the security branch now - if there's some code you wrote that you still think will be useful then just push it and we can merge it later"
                            }
                        ]
                    }
                ]
            }
        ]
    },
    {
        "client_msg_id": "8055A722-19FF-4FC1-80BD-7FB77719FEF3",
        "type": "message",
        "text": "Yeah it’s fine !! ",
        "user": "U028H1ZCRFG",
        "ts": "1631945106.010700",
        "team": "T029DES7R6C",
        "user_team": "T029DES7R6C",
        "source_team": "T029DES7R6C",
        "user_profile": {
            "avatar_hash": "gc3db535a224",
            "image_72": "https:\/\/secure.gravatar.com\/avatar\/c3db535a224ec90db120275e353cbe09.jpg?s=72&d=https%3A%2F%2Fa.slack-edge.com%2Fdf10d%2Fimg%2Favatars%2Fava_0014-72.png",
            "first_name": "",
            "real_name": "Allen Muthupunnackal Jose",
            "display_name": "Allen Muthupunnackal Jose",
            "team": "T029DES7R6C",
            "name": "s3823316",
            "is_restricted": false,
            "is_ultra_restricted": false
        },
        "blocks": [
            {
                "type": "rich_text",
                "block_id": "WjQei",
                "elements": [
                    {
                        "type": "rich_text_section",
                        "elements": [
                            {
                                "type": "text",
                                "text": "Yeah it’s fine !! "
                            }
                        ]
                    }
                ]
            }
        ],
        "reactions": [
            {
                "name": "+1",
                "users": [
                    "U0292DR37SM"
                ],
                "count": 1
            }
        ]
    },
    {
        "client_msg_id": "42c41d8f-1126-49d4-a331-240df70e8d44",
        "type": "message",
        "text": "(pushing to a branch that was deleted will just re-create it so it's not a big deal)",
        "user": "U0292DR37SM",
        "ts": "1631945130.011300",
        "team": "T029DES7R6C",
        "user_team": "T029DES7R6C",
        "source_team": "T029DES7R6C",
        "user_profile": {
            "avatar_hash": "d65bfa895e54",
            "image_72": "https:\/\/avatars.slack-edge.com\/2021-07-21\/2295838934866_d65bfa895e54f435d12c_72.jpg",
            "first_name": "s3845295",
            "real_name": "s3845295",
            "display_name": "Roman O'Brien",
            "team": "T029DES7R6C",
            "name": "s3845295",
            "is_restricted": false,
            "is_ultra_restricted": false
        },
        "blocks": [
            {
                "type": "rich_text",
                "block_id": "Yhq",
                "elements": [
                    {
                        "type": "rich_text_section",
                        "elements": [
                            {
                                "type": "text",
                                "text": "(pushing to a branch that was deleted will just re-create it so it's not a big deal)"
                            }
                        ]
                    }
                ]
            }
        ]
    },
    {
        "client_msg_id": "7E7CD1C8-F0D3-4F42-8E4B-5BB7D70332DF",
        "type": "message",
        "text": "I will just keep it with me now !! And after checking with you if there is any use with it, then we can push it !! I not so sure about the code !! That’s why !! ",
        "user": "U028H1ZCRFG",
        "ts": "1631945290.013600",
        "team": "T029DES7R6C",
        "user_team": "T029DES7R6C",
        "source_team": "T029DES7R6C",
        "user_profile": {
            "avatar_hash": "gc3db535a224",
            "image_72": "https:\/\/secure.gravatar.com\/avatar\/c3db535a224ec90db120275e353cbe09.jpg?s=72&d=https%3A%2F%2Fa.slack-edge.com%2Fdf10d%2Fimg%2Favatars%2Fava_0014-72.png",
            "first_name": "",
            "real_name": "Allen Muthupunnackal Jose",
            "display_name": "Allen Muthupunnackal Jose",
            "team": "T029DES7R6C",
            "name": "s3823316",
            "is_restricted": false,
            "is_ultra_restricted": false
        },
        "blocks": [
            {
                "type": "rich_text",
                "block_id": "Xp8ge",
                "elements": [
                    {
                        "type": "rich_text_section",
                        "elements": [
                            {
                                "type": "text",
                                "text": "I will just keep it with me now !! And after checking with you if there is any use with it, then we can push it !! I not so sure about the code !! That’s why !! "
                            }
                        ]
                    }
                ]
            }
        ]
    }
]