[
    {
        "client_msg_id": "be97abf9-d04f-4ab8-9c9d-b1f7a74e52b5",
        "type": "message",
        "text": "<@U0292DR37SM> were you able to postman new books in? I've been 404ing when I try post requests",
        "user": "U029DEVGDPA",
        "ts": "1631343508.000900",
        "team": "T029DES7R6C",
        "user_team": "T029DES7R6C",
        "source_team": "T029DES7R6C",
        "user_profile": {
            "avatar_hash": "geece83cd4c4",
            "image_72": "https:\/\/secure.gravatar.com\/avatar\/eece83cd4c434337d463711b87edc39e.jpg?s=72&d=https%3A%2F%2Fa.slack-edge.com%2Fdf10d%2Fimg%2Favatars%2Fava_0026-72.png",
            "first_name": "",
            "real_name": "David Morrin",
            "display_name": "David Morrin",
            "team": "T029DES7R6C",
            "name": "s3845230",
            "is_restricted": false,
            "is_ultra_restricted": false
        },
        "blocks": [
            {
                "type": "rich_text",
                "block_id": "92Vt",
                "elements": [
                    {
                        "type": "rich_text_section",
                        "elements": [
                            {
                                "type": "user",
                                "user_id": "U0292DR37SM"
                            },
                            {
                                "type": "text",
                                "text": " were you able to postman new books in? I've been 404ing when I try post requests"
                            }
                        ]
                    }
                ]
            }
        ]
    },
    {
        "client_msg_id": "616bd7cc-a492-42b4-9668-95b07f89b202",
        "type": "message",
        "text": "which branch?",
        "user": "U0292DR37SM",
        "ts": "1631343535.001100",
        "team": "T029DES7R6C",
        "user_team": "T029DES7R6C",
        "source_team": "T029DES7R6C",
        "user_profile": {
            "avatar_hash": "d65bfa895e54",
            "image_72": "https:\/\/avatars.slack-edge.com\/2021-07-21\/2295838934866_d65bfa895e54f435d12c_72.jpg",
            "first_name": "s3845295",
            "real_name": "s3845295",
            "display_name": "Roman O'Brien",
            "team": "T029DES7R6C",
            "name": "s3845295",
            "is_restricted": false,
            "is_ultra_restricted": false
        },
        "blocks": [
            {
                "type": "rich_text",
                "block_id": "cS\/",
                "elements": [
                    {
                        "type": "rich_text_section",
                        "elements": [
                            {
                                "type": "text",
                                "text": "which branch?"
                            }
                        ]
                    }
                ]
            }
        ]
    },
    {
        "client_msg_id": "b1989df3-0a10-4a53-8303-38a4ac0d0eec",
        "type": "message",
        "text": "book search new",
        "user": "U029DEVGDPA",
        "ts": "1631343546.001700",
        "team": "T029DES7R6C",
        "user_team": "T029DES7R6C",
        "source_team": "T029DES7R6C",
        "user_profile": {
            "avatar_hash": "geece83cd4c4",
            "image_72": "https:\/\/secure.gravatar.com\/avatar\/eece83cd4c434337d463711b87edc39e.jpg?s=72&d=https%3A%2F%2Fa.slack-edge.com%2Fdf10d%2Fimg%2Favatars%2Fava_0026-72.png",
            "first_name": "",
            "real_name": "David Morrin",
            "display_name": "David Morrin",
            "team": "T029DES7R6C",
            "name": "s3845230",
            "is_restricted": false,
            "is_ultra_restricted": false
        },
        "blocks": [
            {
                "type": "rich_text",
                "block_id": "HQh",
                "elements": [
                    {
                        "type": "rich_text_section",
                        "elements": [
                            {
                                "type": "text",
                                "text": "book search new"
                            }
                        ]
                    }
                ]
            }
        ]
    },
    {
        "client_msg_id": "e9104b04-a381-4f33-aa30-4a77d427c25f",
        "type": "message",
        "text": "hm...",
        "user": "U0292DR37SM",
        "ts": "1631343564.002400",
        "team": "T029DES7R6C",
        "user_team": "T029DES7R6C",
        "source_team": "T029DES7R6C",
        "user_profile": {
            "avatar_hash": "d65bfa895e54",
            "image_72": "https:\/\/avatars.slack-edge.com\/2021-07-21\/2295838934866_d65bfa895e54f435d12c_72.jpg",
            "first_name": "s3845295",
            "real_name": "s3845295",
            "display_name": "Roman O'Brien",
            "team": "T029DES7R6C",
            "name": "s3845295",
            "is_restricted": false,
            "is_ultra_restricted": false
        },
        "blocks": [
            {
                "type": "rich_text",
                "block_id": "3mX4z",
                "elements": [
                    {
                        "type": "rich_text_section",
                        "elements": [
                            {
                                "type": "text",
                                "text": "hm..."
                            }
                        ]
                    }
                ]
            }
        ]
    },
    {
        "client_msg_id": "fe0f4dc4-63ea-4e3a-9800-cb488e6526cb",
        "type": "message",
        "text": "I'll have a look",
        "user": "U0292DR37SM",
        "ts": "1631343569.002600",
        "team": "T029DES7R6C",
        "user_team": "T029DES7R6C",
        "source_team": "T029DES7R6C",
        "user_profile": {
            "avatar_hash": "d65bfa895e54",
            "image_72": "https:\/\/avatars.slack-edge.com\/2021-07-21\/2295838934866_d65bfa895e54f435d12c_72.jpg",
            "first_name": "s3845295",
            "real_name": "s3845295",
            "display_name": "Roman O'Brien",
            "team": "T029DES7R6C",
            "name": "s3845295",
            "is_restricted": false,
            "is_ultra_restricted": false
        },
        "blocks": [
            {
                "type": "rich_text",
                "block_id": "IjZa",
                "elements": [
                    {
                        "type": "rich_text_section",
                        "elements": [
                            {
                                "type": "text",
                                "text": "I'll have a look"
                            }
                        ]
                    }
                ]
            }
        ]
    },
    {
        "client_msg_id": "a19ea83e-b452-45e9-b0ce-c8474690af4e",
        "type": "message",
        "text": "does upload book work?",
        "user": "U0292DR37SM",
        "ts": "1631343578.003000",
        "team": "T029DES7R6C",
        "user_team": "T029DES7R6C",
        "source_team": "T029DES7R6C",
        "user_profile": {
            "avatar_hash": "d65bfa895e54",
            "image_72": "https:\/\/avatars.slack-edge.com\/2021-07-21\/2295838934866_d65bfa895e54f435d12c_72.jpg",
            "first_name": "s3845295",
            "real_name": "s3845295",
            "display_name": "Roman O'Brien",
            "team": "T029DES7R6C",
            "name": "s3845295",
            "is_restricted": false,
            "is_ultra_restricted": false
        },
        "blocks": [
            {
                "type": "rich_text",
                "block_id": "goNU=",
                "elements": [
                    {
                        "type": "rich_text_section",
                        "elements": [
                            {
                                "type": "text",
                                "text": "does upload book work?"
                            }
                        ]
                    }
                ]
            }
        ]
    },
    {
        "client_msg_id": "68901a7d-b3fb-4727-b8e4-2ceb523bd3f9",
        "type": "message",
        "text": "(sending POST through the front-end)",
        "user": "U0292DR37SM",
        "ts": "1631343595.003800",
        "team": "T029DES7R6C",
        "user_team": "T029DES7R6C",
        "source_team": "T029DES7R6C",
        "user_profile": {
            "avatar_hash": "d65bfa895e54",
            "image_72": "https:\/\/avatars.slack-edge.com\/2021-07-21\/2295838934866_d65bfa895e54f435d12c_72.jpg",
            "first_name": "s3845295",
            "real_name": "s3845295",
            "display_name": "Roman O'Brien",
            "team": "T029DES7R6C",
            "name": "s3845295",
            "is_restricted": false,
            "is_ultra_restricted": false
        },
        "edited": {
            "user": "U0292DR37SM",
            "ts": "1631343603.000000"
        },
        "blocks": [
            {
                "type": "rich_text",
                "block_id": "Hqa",
                "elements": [
                    {
                        "type": "rich_text_section",
                        "elements": [
                            {
                                "type": "text",
                                "text": "(sending POST through the front-end)"
                            }
                        ]
                    }
                ]
            }
        ]
    }
]