[
    {
        "client_msg_id": "891b3d64-850d-4e5f-ace1-31b720d9e98a",
        "type": "message",
        "text": "<https:\/\/planningpokeronline.com\/ZBWf209rhIOyCPbOssYW>",
        "user": "U0292DR37SM",
        "ts": "1631001109.001200",
        "team": "T029DES7R6C",
        "user_team": "T029DES7R6C",
        "source_team": "T029DES7R6C",
        "user_profile": {
            "avatar_hash": "d65bfa895e54",
            "image_72": "https:\/\/avatars.slack-edge.com\/2021-07-21\/2295838934866_d65bfa895e54f435d12c_72.jpg",
            "first_name": "s3845295",
            "real_name": "s3845295",
            "display_name": "Roman O'Brien",
            "team": "T029DES7R6C",
            "name": "s3845295",
            "is_restricted": false,
            "is_ultra_restricted": false
        },
        "attachments": [
            {
                "title": "Planning poker online | Planning poker game",
                "title_link": "https:\/\/planningpokeronline.com\/ZBWf209rhIOyCPbOssYW",
                "text": "Planing poker online app. Poker pointing made simple for distributed teams.",
                "fallback": "Planning poker online | Planning poker game",
                "from_url": "https:\/\/planningpokeronline.com\/ZBWf209rhIOyCPbOssYW",
                "service_icon": "https:\/\/planningpokeronline.com\/favicon.ico",
                "service_name": "planningpokeronline.com",
                "id": 1,
                "original_url": "https:\/\/planningpokeronline.com\/ZBWf209rhIOyCPbOssYW"
            }
        ],
        "blocks": [
            {
                "type": "rich_text",
                "block_id": "0g=th",
                "elements": [
                    {
                        "type": "rich_text_section",
                        "elements": [
                            {
                                "type": "link",
                                "url": "https:\/\/planningpokeronline.com\/ZBWf209rhIOyCPbOssYW"
                            }
                        ]
                    }
                ]
            }
        ]
    },
    {
        "client_msg_id": "a7cf313c-c833-47c6-9e60-f2ee4cf6dbb5",
        "type": "message",
        "text": "<@U029DEVGDPA> I'm not sure what to do about the current BK-24 branch as ideally a new branch should be created from the current (working) develop branch. Maybe make a new branch called \"BK-24-search-book-new\" to differentiate while you copy your code over.",
        "user": "U0292DR37SM",
        "ts": "1631003731.003000",
        "team": "T029DES7R6C",
        "user_team": "T029DES7R6C",
        "source_team": "T029DES7R6C",
        "user_profile": {
            "avatar_hash": "d65bfa895e54",
            "image_72": "https:\/\/avatars.slack-edge.com\/2021-07-21\/2295838934866_d65bfa895e54f435d12c_72.jpg",
            "first_name": "s3845295",
            "real_name": "s3845295",
            "display_name": "Roman O'Brien",
            "team": "T029DES7R6C",
            "name": "s3845295",
            "is_restricted": false,
            "is_ultra_restricted": false
        },
        "blocks": [
            {
                "type": "rich_text",
                "block_id": "znu7S",
                "elements": [
                    {
                        "type": "rich_text_section",
                        "elements": [
                            {
                                "type": "user",
                                "user_id": "U029DEVGDPA"
                            },
                            {
                                "type": "text",
                                "text": " I'm not sure what to do about the current BK-24 branch as ideally a new branch should be created from the current (working) develop branch. Maybe make a new branch called \"BK-24-search-book-new\" to differentiate while you copy your code over."
                            }
                        ]
                    }
                ]
            }
        ]
    },
    {
        "type": "message",
        "text": "lmao",
        "files": [
            {
                "id": "F02DYQE2UAD",
                "created": 1631004911,
                "timestamp": 1631004911,
                "name": "image.png",
                "title": "image.png",
                "mimetype": "image\/png",
                "filetype": "png",
                "pretty_type": "PNG",
                "user": "U0292DR37SM",
                "editable": false,
                "size": 26313,
                "mode": "hosted",
                "is_external": false,
                "external_type": "",
                "is_public": true,
                "public_url_shared": false,
                "display_as_bot": false,
                "username": "",
                "url_private": "https:\/\/files.slack.com\/files-pri\/T029DES7R6C-F02DYQE2UAD\/image.png?t=xoxe-2319502263216-2503669125045-2506678109635-aa30a433328c78366c105f180f69b1b8",
                "url_private_download": "https:\/\/files.slack.com\/files-pri\/T029DES7R6C-F02DYQE2UAD\/download\/image.png?t=xoxe-2319502263216-2503669125045-2506678109635-aa30a433328c78366c105f180f69b1b8",
                "thumb_64": "https:\/\/files.slack.com\/files-tmb\/T029DES7R6C-F02DYQE2UAD-a497412d9e\/image_64.png?t=xoxe-2319502263216-2503669125045-2506678109635-aa30a433328c78366c105f180f69b1b8",
                "thumb_80": "https:\/\/files.slack.com\/files-tmb\/T029DES7R6C-F02DYQE2UAD-a497412d9e\/image_80.png?t=xoxe-2319502263216-2503669125045-2506678109635-aa30a433328c78366c105f180f69b1b8",
                "thumb_360": "https:\/\/files.slack.com\/files-tmb\/T029DES7R6C-F02DYQE2UAD-a497412d9e\/image_360.png?t=xoxe-2319502263216-2503669125045-2506678109635-aa30a433328c78366c105f180f69b1b8",
                "thumb_360_w": 360,
                "thumb_360_h": 129,
                "thumb_480": "https:\/\/files.slack.com\/files-tmb\/T029DES7R6C-F02DYQE2UAD-a497412d9e\/image_480.png?t=xoxe-2319502263216-2503669125045-2506678109635-aa30a433328c78366c105f180f69b1b8",
                "thumb_480_w": 480,
                "thumb_480_h": 172,
                "thumb_160": "https:\/\/files.slack.com\/files-tmb\/T029DES7R6C-F02DYQE2UAD-a497412d9e\/image_160.png?t=xoxe-2319502263216-2503669125045-2506678109635-aa30a433328c78366c105f180f69b1b8",
                "original_w": 563,
                "original_h": 202,
                "thumb_tiny": "AwARADDSJx9PrSbvp+dIx5I7Un4CgB276fnRu+n500HHQD8qXcfagBdw7kfnTgQehpu5v8igFien6UAI3WkpW60lAB3NFHc0UASDpRQOlFAH\/9k=",
                "permalink": "https:\/\/septteam3.slack.com\/files\/U0292DR37SM\/F02DYQE2UAD\/image.png",
                "permalink_public": "https:\/\/slack-files.com\/T029DES7R6C-F02DYQE2UAD-26257190b5",
                "is_starred": false,
                "has_rich_preview": false
            }
        ],
        "upload": false,
        "blocks": [
            {
                "type": "rich_text",
                "block_id": "gH6I",
                "elements": [
                    {
                        "type": "rich_text_section",
                        "elements": [
                            {
                                "type": "text",
                                "text": "lmao"
                            }
                        ]
                    }
                ]
            }
        ],
        "user": "U0292DR37SM",
        "display_as_bot": false,
        "ts": "1631004915.003300"
    },
    {
        "client_msg_id": "9bd035b5-ba19-4ac6-b761-50a139aff041",
        "type": "message",
        "text": "was there an update to the assignment spec that I missed",
        "user": "U0292DR37SM",
        "ts": "1631004960.003800",
        "team": "T029DES7R6C",
        "user_team": "T029DES7R6C",
        "source_team": "T029DES7R6C",
        "user_profile": {
            "avatar_hash": "d65bfa895e54",
            "image_72": "https:\/\/avatars.slack-edge.com\/2021-07-21\/2295838934866_d65bfa895e54f435d12c_72.jpg",
            "first_name": "s3845295",
            "real_name": "s3845295",
            "display_name": "Roman O'Brien",
            "team": "T029DES7R6C",
            "name": "s3845295",
            "is_restricted": false,
            "is_ultra_restricted": false
        },
        "blocks": [
            {
                "type": "rich_text",
                "block_id": "fBHt3",
                "elements": [
                    {
                        "type": "rich_text_section",
                        "elements": [
                            {
                                "type": "text",
                                "text": "was there an update to the assignment spec that I missed"
                            }
                        ]
                    }
                ]
            }
        ]
    },
    {
        "client_msg_id": "f8ecd9e3-c943-4987-83e9-9c8bb412bf3d",
        "type": "message",
        "text": "anyway",
        "user": "U0292DR37SM",
        "ts": "1631004962.004000",
        "team": "T029DES7R6C",
        "user_team": "T029DES7R6C",
        "source_team": "T029DES7R6C",
        "user_profile": {
            "avatar_hash": "d65bfa895e54",
            "image_72": "https:\/\/avatars.slack-edge.com\/2021-07-21\/2295838934866_d65bfa895e54f435d12c_72.jpg",
            "first_name": "s3845295",
            "real_name": "s3845295",
            "display_name": "Roman O'Brien",
            "team": "T029DES7R6C",
            "name": "s3845295",
            "is_restricted": false,
            "is_ultra_restricted": false
        },
        "blocks": [
            {
                "type": "rich_text",
                "block_id": "PvB",
                "elements": [
                    {
                        "type": "rich_text_section",
                        "elements": [
                            {
                                "type": "text",
                                "text": "anyway"
                            }
                        ]
                    }
                ]
            }
        ]
    },
    {
        "client_msg_id": "0f71df5c-7be9-477f-abd0-3ff68594bb2d",
        "type": "message",
        "text": "need to restructure our sprint",
        "user": "U0292DR37SM",
        "ts": "1631004966.004200",
        "team": "T029DES7R6C",
        "user_team": "T029DES7R6C",
        "source_team": "T029DES7R6C",
        "user_profile": {
            "avatar_hash": "d65bfa895e54",
            "image_72": "https:\/\/avatars.slack-edge.com\/2021-07-21\/2295838934866_d65bfa895e54f435d12c_72.jpg",
            "first_name": "s3845295",
            "real_name": "s3845295",
            "display_name": "Roman O'Brien",
            "team": "T029DES7R6C",
            "name": "s3845295",
            "is_restricted": false,
            "is_ultra_restricted": false
        },
        "blocks": [
            {
                "type": "rich_text",
                "block_id": "RCYTd",
                "elements": [
                    {
                        "type": "rich_text_section",
                        "elements": [
                            {
                                "type": "text",
                                "text": "need to restructure our sprint"
                            }
                        ]
                    }
                ]
            }
        ]
    },
    {
        "client_msg_id": "a47bd6fc-332d-4ea1-a225-6cb08c65e065",
        "type": "message",
        "text": "Latest assignment spec still says deployment is in Milestone 2 :confused:",
        "user": "U0292DR37SM",
        "ts": "1631005476.005100",
        "team": "T029DES7R6C",
        "user_team": "T029DES7R6C",
        "source_team": "T029DES7R6C",
        "user_profile": {
            "avatar_hash": "d65bfa895e54",
            "image_72": "https:\/\/avatars.slack-edge.com\/2021-07-21\/2295838934866_d65bfa895e54f435d12c_72.jpg",
            "first_name": "s3845295",
            "real_name": "s3845295",
            "display_name": "Roman O'Brien",
            "team": "T029DES7R6C",
            "name": "s3845295",
            "is_restricted": false,
            "is_ultra_restricted": false
        },
        "edited": {
            "user": "U0292DR37SM",
            "ts": "1631062099.000000"
        },
        "blocks": [
            {
                "type": "rich_text",
                "block_id": "ZV2M",
                "elements": [
                    {
                        "type": "rich_text_section",
                        "elements": [
                            {
                                "type": "text",
                                "text": "Latest assignment spec still says deployment is in Milestone 2 "
                            },
                            {
                                "type": "emoji",
                                "name": "confused"
                            }
                        ]
                    }
                ]
            }
        ]
    },
    {
        "client_msg_id": "d9073d53-0c1f-4580-8738-1cd62bfd1093",
        "type": "message",
        "text": "<@U0292DR37SM> <@U028H1ZCRFG> you here for the progress mark?",
        "user": "U028Q0JRT5Z",
        "ts": "1631061025.001200",
        "team": "T029DES7R6C",
        "user_team": "T029DES7R6C",
        "source_team": "T029DES7R6C",
        "user_profile": {
            "avatar_hash": "gc0a0f501264",
            "image_72": "https:\/\/secure.gravatar.com\/avatar\/c0a0f501264ea428e657134ba84f1340.jpg?s=72&d=https%3A%2F%2Fa.slack-edge.com%2Fdf10d%2Fimg%2Favatars%2Fava_0000-72.png",
            "first_name": "",
            "real_name": "Charlton Ho",
            "display_name": "Charlton Ho",
            "team": "T029DES7R6C",
            "name": "s3845107",
            "is_restricted": false,
            "is_ultra_restricted": false
        },
        "blocks": [
            {
                "type": "rich_text",
                "block_id": "rUR",
                "elements": [
                    {
                        "type": "rich_text_section",
                        "elements": [
                            {
                                "type": "user",
                                "user_id": "U0292DR37SM"
                            },
                            {
                                "type": "text",
                                "text": " "
                            },
                            {
                                "type": "user",
                                "user_id": "U028H1ZCRFG"
                            },
                            {
                                "type": "text",
                                "text": " you here for the progress mark?"
                            }
                        ]
                    }
                ]
            }
        ],
        "reactions": [
            {
                "name": "flushed",
                "users": [
                    "U0292DR37SM"
                ],
                "count": 1
            }
        ]
    },
    {
        "type": "message",
        "text": "",
        "files": [
            {
                "id": "F02D99071UP",
                "created": 1631070503,
                "timestamp": 1631070503,
                "name": "Screenshot_20210908-130805.png",
                "title": "Screenshot_20210908-130805.png",
                "mimetype": "image\/png",
                "filetype": "png",
                "pretty_type": "PNG",
                "user": "U0292DR37SM",
                "editable": false,
                "size": 144203,
                "mode": "hosted",
                "is_external": false,
                "external_type": "",
                "is_public": true,
                "public_url_shared": false,
                "display_as_bot": false,
                "username": "",
                "url_private": "https:\/\/files.slack.com\/files-pri\/T029DES7R6C-F02D99071UP\/screenshot_20210908-130805.png?t=xoxe-2319502263216-2503669125045-2506678109635-aa30a433328c78366c105f180f69b1b8",
                "url_private_download": "https:\/\/files.slack.com\/files-pri\/T029DES7R6C-F02D99071UP\/download\/screenshot_20210908-130805.png?t=xoxe-2319502263216-2503669125045-2506678109635-aa30a433328c78366c105f180f69b1b8",
                "thumb_64": "https:\/\/files.slack.com\/files-tmb\/T029DES7R6C-F02D99071UP-af496f2a91\/screenshot_20210908-130805_64.png?t=xoxe-2319502263216-2503669125045-2506678109635-aa30a433328c78366c105f180f69b1b8",
                "thumb_80": "https:\/\/files.slack.com\/files-tmb\/T029DES7R6C-F02D99071UP-af496f2a91\/screenshot_20210908-130805_80.png?t=xoxe-2319502263216-2503669125045-2506678109635-aa30a433328c78366c105f180f69b1b8",
                "thumb_360": "https:\/\/files.slack.com\/files-tmb\/T029DES7R6C-F02D99071UP-af496f2a91\/screenshot_20210908-130805_360.png?t=xoxe-2319502263216-2503669125045-2506678109635-aa30a433328c78366c105f180f69b1b8",
                "thumb_360_w": 360,
                "thumb_360_h": 107,
                "thumb_480": "https:\/\/files.slack.com\/files-tmb\/T029DES7R6C-F02D99071UP-af496f2a91\/screenshot_20210908-130805_480.png?t=xoxe-2319502263216-2503669125045-2506678109635-aa30a433328c78366c105f180f69b1b8",
                "thumb_480_w": 480,
                "thumb_480_h": 142,
                "thumb_160": "https:\/\/files.slack.com\/files-tmb\/T029DES7R6C-F02D99071UP-af496f2a91\/screenshot_20210908-130805_160.png?t=xoxe-2319502263216-2503669125045-2506678109635-aa30a433328c78366c105f180f69b1b8",
                "thumb_720": "https:\/\/files.slack.com\/files-tmb\/T029DES7R6C-F02D99071UP-af496f2a91\/screenshot_20210908-130805_720.png?t=xoxe-2319502263216-2503669125045-2506678109635-aa30a433328c78366c105f180f69b1b8",
                "thumb_720_w": 720,
                "thumb_720_h": 213,
                "thumb_800": "https:\/\/files.slack.com\/files-tmb\/T029DES7R6C-F02D99071UP-af496f2a91\/screenshot_20210908-130805_800.png?t=xoxe-2319502263216-2503669125045-2506678109635-aa30a433328c78366c105f180f69b1b8",
                "thumb_800_w": 800,
                "thumb_800_h": 237,
                "thumb_960": "https:\/\/files.slack.com\/files-tmb\/T029DES7R6C-F02D99071UP-af496f2a91\/screenshot_20210908-130805_960.png?t=xoxe-2319502263216-2503669125045-2506678109635-aa30a433328c78366c105f180f69b1b8",
                "thumb_960_w": 960,
                "thumb_960_h": 284,
                "thumb_1024": "https:\/\/files.slack.com\/files-tmb\/T029DES7R6C-F02D99071UP-af496f2a91\/screenshot_20210908-130805_1024.png?t=xoxe-2319502263216-2503669125045-2506678109635-aa30a433328c78366c105f180f69b1b8",
                "thumb_1024_w": 1024,
                "thumb_1024_h": 303,
                "original_w": 1080,
                "original_h": 320,
                "thumb_tiny": "AwAOADDQYv5q4+5jmj5\/X9KHQscg4pPLP96gBy7v4j+lOqPyz\/e\/nR5Z\/vUASUVH5Z\/vU9RgYoA\/\/9k=",
                "permalink": "https:\/\/septteam3.slack.com\/files\/U0292DR37SM\/F02D99071UP\/screenshot_20210908-130805.png",
                "permalink_public": "https:\/\/slack-files.com\/T029DES7R6C-F02D99071UP-8f1a912471",
                "is_starred": false,
                "has_rich_preview": false
            }
        ],
        "upload": false,
        "blocks": [
            {
                "type": "rich_text",
                "block_id": "aK5",
                "elements": [
                    {
                        "type": "rich_text_section",
                        "elements": []
                    }
                ]
            }
        ],
        "user": "U0292DR37SM",
        "display_as_bot": false,
        "ts": "1631070507.000200",
        "client_msg_id": "14f49196-2821-432c-9601-56b18bd097e8"
    },
    {
        "client_msg_id": "4873ac82-c091-4999-ae69-c1b4dee9b15d",
        "type": "message",
        "text": "RE: Milestone 1 Feedback: \nDoes anyone know what we missed?",
        "user": "U0292DR37SM",
        "ts": "1631070531.001200",
        "team": "T029DES7R6C",
        "user_team": "T029DES7R6C",
        "source_team": "T029DES7R6C",
        "user_profile": {
            "avatar_hash": "d65bfa895e54",
            "image_72": "https:\/\/avatars.slack-edge.com\/2021-07-21\/2295838934866_d65bfa895e54f435d12c_72.jpg",
            "first_name": "s3845295",
            "real_name": "s3845295",
            "display_name": "Roman O'Brien",
            "team": "T029DES7R6C",
            "name": "s3845295",
            "is_restricted": false,
            "is_ultra_restricted": false
        },
        "blocks": [
            {
                "type": "rich_text",
                "block_id": "13WL",
                "elements": [
                    {
                        "type": "rich_text_section",
                        "elements": [
                            {
                                "type": "text",
                                "text": "RE: Milestone 1 Feedback: \nDoes anyone know what we missed?"
                            }
                        ]
                    }
                ]
            }
        ]
    }
]