[
    {
        "client_msg_id": "717f2eaf-ab09-4ba5-b228-5ed063fa0fbc",
        "type": "message",
        "text": "*CirceCI Project*: <https:\/\/app.circleci.com\/pipelines\/github\/s3845295\/septteam3?invite=true>",
        "user": "U0292DR37SM",
        "ts": "1631771879.000500",
        "team": "T029DES7R6C",
        "user_team": "T029DES7R6C",
        "source_team": "T029DES7R6C",
        "user_profile": {
            "avatar_hash": "d65bfa895e54",
            "image_72": "https:\/\/avatars.slack-edge.com\/2021-07-21\/2295838934866_d65bfa895e54f435d12c_72.jpg",
            "first_name": "s3845295",
            "real_name": "s3845295",
            "display_name": "Roman O'Brien",
            "team": "T029DES7R6C",
            "name": "s3845295",
            "is_restricted": false,
            "is_ultra_restricted": false
        },
        "blocks": [
            {
                "type": "rich_text",
                "block_id": "gg=R",
                "elements": [
                    {
                        "type": "rich_text_section",
                        "elements": [
                            {
                                "type": "text",
                                "text": "CirceCI Project",
                                "style": {
                                    "bold": true
                                }
                            },
                            {
                                "type": "text",
                                "text": ": "
                            },
                            {
                                "type": "link",
                                "url": "https:\/\/app.circleci.com\/pipelines\/github\/s3845295\/septteam3?invite=true"
                            }
                        ]
                    }
                ]
            }
        ]
    }
]