[
    {
        "client_msg_id": "80b6cdc6-0a03-4604-88c7-8c3abf204628",
        "type": "message",
        "text": "When are we free tomorrow? I have all day available",
        "user": "U0292DR37SM",
        "ts": "1630919854.000400",
        "team": "T029DES7R6C",
        "user_team": "T029DES7R6C",
        "source_team": "T029DES7R6C",
        "user_profile": {
            "avatar_hash": "d65bfa895e54",
            "image_72": "https:\/\/avatars.slack-edge.com\/2021-07-21\/2295838934866_d65bfa895e54f435d12c_72.jpg",
            "first_name": "s3845295",
            "real_name": "s3845295",
            "display_name": "Roman O'Brien",
            "team": "T029DES7R6C",
            "name": "s3845295",
            "is_restricted": false,
            "is_ultra_restricted": false
        },
        "blocks": [
            {
                "type": "rich_text",
                "block_id": "Aal",
                "elements": [
                    {
                        "type": "rich_text_section",
                        "elements": [
                            {
                                "type": "text",
                                "text": "When are we free tomorrow? I have all day available"
                            }
                        ]
                    }
                ]
            }
        ]
    },
    {
        "client_msg_id": "81d7505c-0e0d-4b45-b94a-16db840508d3",
        "type": "message",
        "text": "I'll be fine for any time, although morning not preferred",
        "user": "U029DEVGDPA",
        "ts": "1630920293.001100",
        "team": "T029DES7R6C",
        "user_team": "T029DES7R6C",
        "source_team": "T029DES7R6C",
        "user_profile": {
            "avatar_hash": "geece83cd4c4",
            "image_72": "https:\/\/secure.gravatar.com\/avatar\/eece83cd4c434337d463711b87edc39e.jpg?s=72&d=https%3A%2F%2Fa.slack-edge.com%2Fdf10d%2Fimg%2Favatars%2Fava_0026-72.png",
            "first_name": "",
            "real_name": "David Morrin",
            "display_name": "David Morrin",
            "team": "T029DES7R6C",
            "name": "s3845230",
            "is_restricted": false,
            "is_ultra_restricted": false
        },
        "blocks": [
            {
                "type": "rich_text",
                "block_id": "LTHVv",
                "elements": [
                    {
                        "type": "rich_text_section",
                        "elements": [
                            {
                                "type": "text",
                                "text": "I'll be fine for any time, although morning not preferred"
                            }
                        ]
                    }
                ]
            }
        ]
    },
    {
        "client_msg_id": "8e9d2ebb-e076-4be9-a76b-ece146299504",
        "type": "message",
        "text": "after 3:30 ill be free",
        "user": "U028Q0JRT5Z",
        "ts": "1630929686.000400",
        "team": "T029DES7R6C",
        "user_team": "T029DES7R6C",
        "source_team": "T029DES7R6C",
        "user_profile": {
            "avatar_hash": "gc0a0f501264",
            "image_72": "https:\/\/secure.gravatar.com\/avatar\/c0a0f501264ea428e657134ba84f1340.jpg?s=72&d=https%3A%2F%2Fa.slack-edge.com%2Fdf10d%2Fimg%2Favatars%2Fava_0000-72.png",
            "first_name": "",
            "real_name": "Charlton Ho",
            "display_name": "Charlton Ho",
            "team": "T029DES7R6C",
            "name": "s3845107",
            "is_restricted": false,
            "is_ultra_restricted": false
        },
        "blocks": [
            {
                "type": "rich_text",
                "block_id": "SZHn",
                "elements": [
                    {
                        "type": "rich_text_section",
                        "elements": [
                            {
                                "type": "text",
                                "text": "after 3:30 ill be free"
                            }
                        ]
                    }
                ]
            }
        ]
    },
    {
        "client_msg_id": "28F992E5-63E8-4375-8732-227C2CEC8C18",
        "type": "message",
        "text": "I will be free after 5:30 ",
        "user": "U028H1ZCRFG",
        "ts": "1630976735.000400",
        "team": "T029DES7R6C",
        "user_team": "T029DES7R6C",
        "source_team": "T029DES7R6C",
        "user_profile": {
            "avatar_hash": "gc3db535a224",
            "image_72": "https:\/\/secure.gravatar.com\/avatar\/c3db535a224ec90db120275e353cbe09.jpg?s=72&d=https%3A%2F%2Fa.slack-edge.com%2Fdf10d%2Fimg%2Favatars%2Fava_0014-72.png",
            "first_name": "",
            "real_name": "Allen Muthupunnackal Jose",
            "display_name": "Allen Muthupunnackal Jose",
            "team": "T029DES7R6C",
            "name": "s3823316",
            "is_restricted": false,
            "is_ultra_restricted": false
        },
        "blocks": [
            {
                "type": "rich_text",
                "block_id": "DbE",
                "elements": [
                    {
                        "type": "rich_text_section",
                        "elements": [
                            {
                                "type": "text",
                                "text": "I will be free after 5:30 "
                            }
                        ]
                    }
                ]
            }
        ]
    },
    {
        "client_msg_id": "d75592c4-cb39-4abe-94e5-ab8393c7cf4e",
        "type": "message",
        "text": "Alright that's when we'll have our Sprint Planning meeting then :thumbsup:",
        "user": "U0292DR37SM",
        "ts": "1630976968.000900",
        "team": "T029DES7R6C",
        "user_team": "T029DES7R6C",
        "source_team": "T029DES7R6C",
        "user_profile": {
            "avatar_hash": "d65bfa895e54",
            "image_72": "https:\/\/avatars.slack-edge.com\/2021-07-21\/2295838934866_d65bfa895e54f435d12c_72.jpg",
            "first_name": "s3845295",
            "real_name": "s3845295",
            "display_name": "Roman O'Brien",
            "team": "T029DES7R6C",
            "name": "s3845295",
            "is_restricted": false,
            "is_ultra_restricted": false
        },
        "blocks": [
            {
                "type": "rich_text",
                "block_id": "fegs",
                "elements": [
                    {
                        "type": "rich_text_section",
                        "elements": [
                            {
                                "type": "text",
                                "text": "Alright that's when we'll have our Sprint Planning meeting then "
                            },
                            {
                                "type": "emoji",
                                "name": "thumbsup"
                            }
                        ]
                    }
                ]
            }
        ],
        "reactions": [
            {
                "name": "+1",
                "users": [
                    "U029DEVGDPA"
                ],
                "count": 1
            }
        ]
    }
]