[
    {
        "client_msg_id": "486D9726-7493-4AF1-8EFF-5C09D7AC46F5",
        "type": "message",
        "text": "Sorry guys I won’t be able to make it today’s meeting!! I am not feeling well !! ",
        "user": "U028H1ZCRFG",
        "ts": "1631862809.001000",
        "team": "T029DES7R6C",
        "user_team": "T029DES7R6C",
        "source_team": "T029DES7R6C",
        "user_profile": {
            "avatar_hash": "gc3db535a224",
            "image_72": "https:\/\/secure.gravatar.com\/avatar\/c3db535a224ec90db120275e353cbe09.jpg?s=72&d=https%3A%2F%2Fa.slack-edge.com%2Fdf10d%2Fimg%2Favatars%2Fava_0014-72.png",
            "first_name": "",
            "real_name": "Allen Muthupunnackal Jose",
            "display_name": "Allen Muthupunnackal Jose",
            "team": "T029DES7R6C",
            "name": "s3823316",
            "is_restricted": false,
            "is_ultra_restricted": false
        },
        "blocks": [
            {
                "type": "rich_text",
                "block_id": "65Pso",
                "elements": [
                    {
                        "type": "rich_text_section",
                        "elements": [
                            {
                                "type": "text",
                                "text": "Sorry guys I won’t be able to make it today’s meeting!! I am not feeling well !! "
                            }
                        ]
                    }
                ]
            }
        ],
        "reactions": [
            {
                "name": "+1",
                "users": [
                    "U0292DR37SM"
                ],
                "count": 1
            }
        ]
    },
    {
        "type": "message",
        "text": "From the Milestone 2 Rubric: we don't have a Jira task for these!",
        "files": [
            {
                "id": "F02EKTXMVL6",
                "created": 1631864893,
                "timestamp": 1631864893,
                "name": "image.png",
                "title": "image.png",
                "mimetype": "image\/png",
                "filetype": "png",
                "pretty_type": "PNG",
                "user": "U0292DR37SM",
                "editable": false,
                "size": 17598,
                "mode": "hosted",
                "is_external": false,
                "external_type": "",
                "is_public": true,
                "public_url_shared": false,
                "display_as_bot": false,
                "username": "",
                "url_private": "https:\/\/files.slack.com\/files-pri\/T029DES7R6C-F02EKTXMVL6\/image.png?t=xoxe-2319502263216-2503669125045-2506678109635-aa30a433328c78366c105f180f69b1b8",
                "url_private_download": "https:\/\/files.slack.com\/files-pri\/T029DES7R6C-F02EKTXMVL6\/download\/image.png?t=xoxe-2319502263216-2503669125045-2506678109635-aa30a433328c78366c105f180f69b1b8",
                "thumb_64": "https:\/\/files.slack.com\/files-tmb\/T029DES7R6C-F02EKTXMVL6-9dd000c9ac\/image_64.png?t=xoxe-2319502263216-2503669125045-2506678109635-aa30a433328c78366c105f180f69b1b8",
                "thumb_80": "https:\/\/files.slack.com\/files-tmb\/T029DES7R6C-F02EKTXMVL6-9dd000c9ac\/image_80.png?t=xoxe-2319502263216-2503669125045-2506678109635-aa30a433328c78366c105f180f69b1b8",
                "thumb_360": "https:\/\/files.slack.com\/files-tmb\/T029DES7R6C-F02EKTXMVL6-9dd000c9ac\/image_360.png?t=xoxe-2319502263216-2503669125045-2506678109635-aa30a433328c78366c105f180f69b1b8",
                "thumb_360_w": 360,
                "thumb_360_h": 200,
                "thumb_160": "https:\/\/files.slack.com\/files-tmb\/T029DES7R6C-F02EKTXMVL6-9dd000c9ac\/image_160.png?t=xoxe-2319502263216-2503669125045-2506678109635-aa30a433328c78366c105f180f69b1b8",
                "original_w": 363,
                "original_h": 202,
                "thumb_tiny": "AwAaADC285VyMHg+tPimEnB4PpTHhDOTnknpT4ohGTxn39Kt8tiVzXHZ65bH40oIB++TTTnJo59\/1qCh+5fUUuQRxUfPv+tKvPXOfrQA+iiigBuwetGwev8AKnUUAIFA96MAdhS0UAf\/2Q==",
                "permalink": "https:\/\/septteam3.slack.com\/files\/U0292DR37SM\/F02EKTXMVL6\/image.png",
                "permalink_public": "https:\/\/slack-files.com\/T029DES7R6C-F02EKTXMVL6-1835e33202",
                "is_starred": false,
                "has_rich_preview": false
            }
        ],
        "upload": false,
        "blocks": [
            {
                "type": "rich_text",
                "block_id": "aF3Pm",
                "elements": [
                    {
                        "type": "rich_text_section",
                        "elements": [
                            {
                                "type": "text",
                                "text": "From the Milestone 2 Rubric: we don't have a Jira task for these!"
                            }
                        ]
                    }
                ]
            }
        ],
        "user": "U0292DR37SM",
        "display_as_bot": false,
        "ts": "1631864922.001700",
        "client_msg_id": "66f4f323-1404-416a-9259-7c6710fd07b9",
        "thread_ts": "1631864922.001700",
        "reply_count": 2,
        "reply_users_count": 1,
        "latest_reply": "1631866487.002700",
        "reply_users": [
            "U0292DR37SM"
        ],
        "replies": [
            {
                "user": "U0292DR37SM",
                "ts": "1631865446.002100"
            },
            {
                "user": "U0292DR37SM",
                "ts": "1631866487.002700"
            }
        ],
        "is_locked": false,
        "subscribed": true,
        "last_read": "1631866487.002700"
    },
    {
        "client_msg_id": "0a2bad77-5241-4816-9540-d0d06b112951",
        "type": "message",
        "text": "Added tasks to Jira - let's all make sure we finish those!",
        "user": "U0292DR37SM",
        "ts": "1631865446.002100",
        "team": "T029DES7R6C",
        "user_team": "T029DES7R6C",
        "source_team": "T029DES7R6C",
        "user_profile": {
            "avatar_hash": "d65bfa895e54",
            "image_72": "https:\/\/avatars.slack-edge.com\/2021-07-21\/2295838934866_d65bfa895e54f435d12c_72.jpg",
            "first_name": "s3845295",
            "real_name": "s3845295",
            "display_name": "Roman O'Brien",
            "team": "T029DES7R6C",
            "name": "s3845295",
            "is_restricted": false,
            "is_ultra_restricted": false
        },
        "blocks": [
            {
                "type": "rich_text",
                "block_id": "4rbZf",
                "elements": [
                    {
                        "type": "rich_text_section",
                        "elements": [
                            {
                                "type": "text",
                                "text": "Added tasks to Jira - let's all make sure we finish those!"
                            }
                        ]
                    }
                ]
            }
        ],
        "thread_ts": "1631864922.001700",
        "parent_user_id": "U0292DR37SM"
    },
    {
        "client_msg_id": "251bca51-b860-4e9a-8fac-d6fb4283485b",
        "type": "message",
        "text": "We have to find time for a Sprint Retrospective tomorrow - I'm free all day",
        "user": "U0292DR37SM",
        "ts": "1631865461.002500",
        "team": "T029DES7R6C",
        "user_team": "T029DES7R6C",
        "source_team": "T029DES7R6C",
        "user_profile": {
            "avatar_hash": "d65bfa895e54",
            "image_72": "https:\/\/avatars.slack-edge.com\/2021-07-21\/2295838934866_d65bfa895e54f435d12c_72.jpg",
            "first_name": "s3845295",
            "real_name": "s3845295",
            "display_name": "Roman O'Brien",
            "team": "T029DES7R6C",
            "name": "s3845295",
            "is_restricted": false,
            "is_ultra_restricted": false
        },
        "edited": {
            "user": "U0292DR37SM",
            "ts": "1631865473.000000"
        },
        "blocks": [
            {
                "type": "rich_text",
                "block_id": "KndsM",
                "elements": [
                    {
                        "type": "rich_text_section",
                        "elements": [
                            {
                                "type": "text",
                                "text": "We have to find time for a Sprint Retrospective tomorrow - I'm free all day"
                            }
                        ]
                    }
                ]
            }
        ]
    },
    {
        "type": "message",
        "text": "",
        "files": [
            {
                "id": "F02ESPBKABC",
                "created": 1631866482,
                "timestamp": 1631866482,
                "name": "image.png",
                "title": "image.png",
                "mimetype": "image\/png",
                "filetype": "png",
                "pretty_type": "PNG",
                "user": "U0292DR37SM",
                "editable": false,
                "size": 40637,
                "mode": "hosted",
                "is_external": false,
                "external_type": "",
                "is_public": true,
                "public_url_shared": false,
                "display_as_bot": false,
                "username": "",
                "url_private": "https:\/\/files.slack.com\/files-pri\/T029DES7R6C-F02ESPBKABC\/image.png?t=xoxe-2319502263216-2503669125045-2506678109635-aa30a433328c78366c105f180f69b1b8",
                "url_private_download": "https:\/\/files.slack.com\/files-pri\/T029DES7R6C-F02ESPBKABC\/download\/image.png?t=xoxe-2319502263216-2503669125045-2506678109635-aa30a433328c78366c105f180f69b1b8",
                "thumb_64": "https:\/\/files.slack.com\/files-tmb\/T029DES7R6C-F02ESPBKABC-7ae1d4ee2d\/image_64.png?t=xoxe-2319502263216-2503669125045-2506678109635-aa30a433328c78366c105f180f69b1b8",
                "thumb_80": "https:\/\/files.slack.com\/files-tmb\/T029DES7R6C-F02ESPBKABC-7ae1d4ee2d\/image_80.png?t=xoxe-2319502263216-2503669125045-2506678109635-aa30a433328c78366c105f180f69b1b8",
                "thumb_360": "https:\/\/files.slack.com\/files-tmb\/T029DES7R6C-F02ESPBKABC-7ae1d4ee2d\/image_360.png?t=xoxe-2319502263216-2503669125045-2506678109635-aa30a433328c78366c105f180f69b1b8",
                "thumb_360_w": 360,
                "thumb_360_h": 237,
                "thumb_480": "https:\/\/files.slack.com\/files-tmb\/T029DES7R6C-F02ESPBKABC-7ae1d4ee2d\/image_480.png?t=xoxe-2319502263216-2503669125045-2506678109635-aa30a433328c78366c105f180f69b1b8",
                "thumb_480_w": 480,
                "thumb_480_h": 316,
                "thumb_160": "https:\/\/files.slack.com\/files-tmb\/T029DES7R6C-F02ESPBKABC-7ae1d4ee2d\/image_160.png?t=xoxe-2319502263216-2503669125045-2506678109635-aa30a433328c78366c105f180f69b1b8",
                "thumb_720": "https:\/\/files.slack.com\/files-tmb\/T029DES7R6C-F02ESPBKABC-7ae1d4ee2d\/image_720.png?t=xoxe-2319502263216-2503669125045-2506678109635-aa30a433328c78366c105f180f69b1b8",
                "thumb_720_w": 720,
                "thumb_720_h": 474,
                "thumb_800": "https:\/\/files.slack.com\/files-tmb\/T029DES7R6C-F02ESPBKABC-7ae1d4ee2d\/image_800.png?t=xoxe-2319502263216-2503669125045-2506678109635-aa30a433328c78366c105f180f69b1b8",
                "thumb_800_w": 800,
                "thumb_800_h": 526,
                "original_w": 894,
                "original_h": 588,
                "thumb_tiny": "AwAfADDQ5yeKXHtS9+lL2oASjNFFABmgUUDrQAnGacOlJ3paAEooooAKB1ooFAH\/2Q==",
                "permalink": "https:\/\/septteam3.slack.com\/files\/U0292DR37SM\/F02ESPBKABC\/image.png",
                "permalink_public": "https:\/\/slack-files.com\/T029DES7R6C-F02ESPBKABC-464fa3e8cd",
                "is_starred": false,
                "has_rich_preview": false
            }
        ],
        "upload": false,
        "user": "U0292DR37SM",
        "display_as_bot": false,
        "ts": "1631866487.002700",
        "client_msg_id": "b829216e-4f45-44a5-84ea-3a99397b06e4",
        "thread_ts": "1631864922.001700",
        "parent_user_id": "U0292DR37SM"
    },
    {
        "client_msg_id": "B20BFDFC-55E3-4539-8421-BEFA8625AF8A",
        "type": "message",
        "text": "I will probably be ok by tomorrow afternoon!! ",
        "user": "U028H1ZCRFG",
        "ts": "1631867152.003500",
        "team": "T029DES7R6C",
        "user_team": "T029DES7R6C",
        "source_team": "T029DES7R6C",
        "user_profile": {
            "avatar_hash": "gc3db535a224",
            "image_72": "https:\/\/secure.gravatar.com\/avatar\/c3db535a224ec90db120275e353cbe09.jpg?s=72&d=https%3A%2F%2Fa.slack-edge.com%2Fdf10d%2Fimg%2Favatars%2Fava_0014-72.png",
            "first_name": "",
            "real_name": "Allen Muthupunnackal Jose",
            "display_name": "Allen Muthupunnackal Jose",
            "team": "T029DES7R6C",
            "name": "s3823316",
            "is_restricted": false,
            "is_ultra_restricted": false
        },
        "blocks": [
            {
                "type": "rich_text",
                "block_id": "FmP",
                "elements": [
                    {
                        "type": "rich_text_section",
                        "elements": [
                            {
                                "type": "text",
                                "text": "I will probably be ok by tomorrow afternoon!! "
                            }
                        ]
                    }
                ]
            }
        ]
    },
    {
        "client_msg_id": "97f704d3-9682-4656-9d28-031500b4d7e3",
        "type": "message",
        "text": "I've finished the docker build configs for both the bookmicroservice and the bookeroo react front-app, and merged the BK-65-ci branch back into develop (there is still testing to be added, but everything functional is there)",
        "user": "U0292DR37SM",
        "ts": "1631880586.004300",
        "team": "T029DES7R6C",
        "user_team": "T029DES7R6C",
        "source_team": "T029DES7R6C",
        "user_profile": {
            "avatar_hash": "d65bfa895e54",
            "image_72": "https:\/\/avatars.slack-edge.com\/2021-07-21\/2295838934866_d65bfa895e54f435d12c_72.jpg",
            "first_name": "s3845295",
            "real_name": "s3845295",
            "display_name": "Roman O'Brien",
            "team": "T029DES7R6C",
            "name": "s3845295",
            "is_restricted": false,
            "is_ultra_restricted": false
        },
        "blocks": [
            {
                "type": "rich_text",
                "block_id": "3LgD",
                "elements": [
                    {
                        "type": "rich_text_section",
                        "elements": [
                            {
                                "type": "text",
                                "text": "I've finished the docker build configs for both the bookmicroservice and the bookeroo react front-app, and merged the BK-65-ci branch back into develop (there is still testing to be added, but everything functional is there)"
                            }
                        ]
                    }
                ]
            }
        ]
    },
    {
        "client_msg_id": "210a5018-2a16-4f4b-9eb8-08b5ae7a6c66",
        "type": "message",
        "text": "is 17:30 a good time for everyone? I'd like to try and maximise our development time before we have to \"finish\"",
        "user": "U0292DR37SM",
        "ts": "1631928381.000400",
        "team": "T029DES7R6C",
        "user_team": "T029DES7R6C",
        "source_team": "T029DES7R6C",
        "user_profile": {
            "avatar_hash": "d65bfa895e54",
            "image_72": "https:\/\/avatars.slack-edge.com\/2021-07-21\/2295838934866_d65bfa895e54f435d12c_72.jpg",
            "first_name": "s3845295",
            "real_name": "s3845295",
            "display_name": "Roman O'Brien",
            "team": "T029DES7R6C",
            "name": "s3845295",
            "is_restricted": false,
            "is_ultra_restricted": false
        },
        "blocks": [
            {
                "type": "rich_text",
                "block_id": "gVh",
                "elements": [
                    {
                        "type": "rich_text_section",
                        "elements": [
                            {
                                "type": "text",
                                "text": "is 17:30 a good time for everyone? I'd like to try and maximise our development time before we have to \"finish\""
                            }
                        ]
                    }
                ]
            }
        ],
        "reactions": [
            {
                "name": "+1",
                "users": [
                    "U028H1ZCRFG",
                    "U028Q0JRT5Z",
                    "U029DEVGDPA"
                ],
                "count": 3
            }
        ]
    },
    {
        "client_msg_id": "beea758f-dd6e-4c9d-b73a-91fbefc316a9",
        "type": "message",
        "text": "I've just finished Meta - Continous Integration, though I did merge the BK-62-security branch into develop even though it wasn't finished (tests not written) but I think that's fine",
        "user": "U0292DR37SM",
        "ts": "1631944714.001800",
        "team": "T029DES7R6C",
        "user_team": "T029DES7R6C",
        "source_team": "T029DES7R6C",
        "user_profile": {
            "avatar_hash": "d65bfa895e54",
            "image_72": "https:\/\/avatars.slack-edge.com\/2021-07-21\/2295838934866_d65bfa895e54f435d12c_72.jpg",
            "first_name": "s3845295",
            "real_name": "s3845295",
            "display_name": "Roman O'Brien",
            "team": "T029DES7R6C",
            "name": "s3845295",
            "is_restricted": false,
            "is_ultra_restricted": false
        },
        "blocks": [
            {
                "type": "rich_text",
                "block_id": "BrRhZ",
                "elements": [
                    {
                        "type": "rich_text_section",
                        "elements": [
                            {
                                "type": "text",
                                "text": "I've just finished Meta - Continous Integration, though I did merge the BK-62-security branch into develop even though it wasn't finished (tests not written) but I think that's fine"
                            }
                        ]
                    }
                ]
            }
        ]
    },
    {
        "client_msg_id": "c48d8883-1946-4e6a-a72f-b4d69a82402e",
        "type": "message",
        "text": "I wish we actually did have a product manager I hate the product backlog",
        "user": "U0292DR37SM",
        "ts": "1631945289.002200",
        "team": "T029DES7R6C",
        "user_team": "T029DES7R6C",
        "source_team": "T029DES7R6C",
        "user_profile": {
            "avatar_hash": "d65bfa895e54",
            "image_72": "https:\/\/avatars.slack-edge.com\/2021-07-21\/2295838934866_d65bfa895e54f435d12c_72.jpg",
            "first_name": "s3845295",
            "real_name": "s3845295",
            "display_name": "Roman O'Brien",
            "team": "T029DES7R6C",
            "name": "s3845295",
            "is_restricted": false,
            "is_ultra_restricted": false
        },
        "blocks": [
            {
                "type": "rich_text",
                "block_id": "kzGEp",
                "elements": [
                    {
                        "type": "rich_text_section",
                        "elements": [
                            {
                                "type": "text",
                                "text": "I wish we actually did have a product manager I hate the product backlog"
                            }
                        ]
                    }
                ]
            }
        ]
    }
]