[
    {
        "type": "message",
        "text": "13th build success :sunglasses:",
        "files": [
            {
                "id": "F02F0B6CQV7",
                "created": 1631777184,
                "timestamp": 1631777184,
                "name": "image.png",
                "title": "image.png",
                "mimetype": "image\/png",
                "filetype": "png",
                "pretty_type": "PNG",
                "user": "U0292DR37SM",
                "editable": false,
                "size": 7114,
                "mode": "hosted",
                "is_external": false,
                "external_type": "",
                "is_public": true,
                "public_url_shared": false,
                "display_as_bot": false,
                "username": "",
                "url_private": "https:\/\/files.slack.com\/files-pri\/T029DES7R6C-F02F0B6CQV7\/image.png?t=xoxe-2319502263216-2503669125045-2506678109635-aa30a433328c78366c105f180f69b1b8",
                "url_private_download": "https:\/\/files.slack.com\/files-pri\/T029DES7R6C-F02F0B6CQV7\/download\/image.png?t=xoxe-2319502263216-2503669125045-2506678109635-aa30a433328c78366c105f180f69b1b8",
                "thumb_64": "https:\/\/files.slack.com\/files-tmb\/T029DES7R6C-F02F0B6CQV7-a7e03a6348\/image_64.png?t=xoxe-2319502263216-2503669125045-2506678109635-aa30a433328c78366c105f180f69b1b8",
                "thumb_80": "https:\/\/files.slack.com\/files-tmb\/T029DES7R6C-F02F0B6CQV7-a7e03a6348\/image_80.png?t=xoxe-2319502263216-2503669125045-2506678109635-aa30a433328c78366c105f180f69b1b8",
                "thumb_360": "https:\/\/files.slack.com\/files-tmb\/T029DES7R6C-F02F0B6CQV7-a7e03a6348\/image_360.png?t=xoxe-2319502263216-2503669125045-2506678109635-aa30a433328c78366c105f180f69b1b8",
                "thumb_360_w": 360,
                "thumb_360_h": 76,
                "thumb_480": "https:\/\/files.slack.com\/files-tmb\/T029DES7R6C-F02F0B6CQV7-a7e03a6348\/image_480.png?t=xoxe-2319502263216-2503669125045-2506678109635-aa30a433328c78366c105f180f69b1b8",
                "thumb_480_w": 480,
                "thumb_480_h": 101,
                "thumb_160": "https:\/\/files.slack.com\/files-tmb\/T029DES7R6C-F02F0B6CQV7-a7e03a6348\/image_160.png?t=xoxe-2319502263216-2503669125045-2506678109635-aa30a433328c78366c105f180f69b1b8",
                "original_w": 556,
                "original_h": 117,
                "thumb_tiny": "AwAKADDS2jOcn86WiigBCQCAe9RyJG7fMxBxUtFAmrjI0VFwpJHvTgMev50tFAz\/2Q==",
                "permalink": "https:\/\/septteam3.slack.com\/files\/U0292DR37SM\/F02F0B6CQV7\/image.png",
                "permalink_public": "https:\/\/slack-files.com\/T029DES7R6C-F02F0B6CQV7-cbbf163361",
                "is_starred": false,
                "has_rich_preview": false
            }
        ],
        "upload": false,
        "blocks": [
            {
                "type": "rich_text",
                "block_id": "Z6MW",
                "elements": [
                    {
                        "type": "rich_text_section",
                        "elements": [
                            {
                                "type": "text",
                                "text": "13th build success "
                            },
                            {
                                "type": "emoji",
                                "name": "sunglasses"
                            }
                        ]
                    }
                ]
            }
        ],
        "user": "U0292DR37SM",
        "display_as_bot": false,
        "ts": "1631777194.000800"
    }
]