[
    {
        "client_msg_id": "6f958e86-dad4-4961-a7ee-aca673c3d5c0",
        "type": "message",
        "text": "Won't be able to make our meeting tonight! Sorry",
        "user": "U0292DR37SM",
        "ts": "1631604188.001800",
        "team": "T029DES7R6C",
        "user_team": "T029DES7R6C",
        "source_team": "T029DES7R6C",
        "user_profile": {
            "avatar_hash": "d65bfa895e54",
            "image_72": "https:\/\/avatars.slack-edge.com\/2021-07-21\/2295838934866_d65bfa895e54f435d12c_72.jpg",
            "first_name": "s3845295",
            "real_name": "s3845295",
            "display_name": "Roman O'Brien",
            "team": "T029DES7R6C",
            "name": "s3845295",
            "is_restricted": false,
            "is_ultra_restricted": false
        },
        "blocks": [
            {
                "type": "rich_text",
                "block_id": "DyPcZ",
                "elements": [
                    {
                        "type": "rich_text_section",
                        "elements": [
                            {
                                "type": "text",
                                "text": "Won't be able to make our meeting tonight! Sorry"
                            }
                        ]
                    }
                ]
            }
        ]
    }
]