[
    {
        "client_msg_id": "5fdfcb11-f24d-49a8-ad24-54b3bcc01fbb",
        "type": "message",
        "text": "20 hrs",
        "user": "U029DEVGDPA",
        "ts": "1631960705.002500",
        "team": "T029DES7R6C",
        "user_team": "T029DES7R6C",
        "source_team": "T029DES7R6C",
        "user_profile": {
            "avatar_hash": "geece83cd4c4",
            "image_72": "https:\/\/secure.gravatar.com\/avatar\/eece83cd4c434337d463711b87edc39e.jpg?s=72&d=https%3A%2F%2Fa.slack-edge.com%2Fdf10d%2Fimg%2Favatars%2Fava_0026-72.png",
            "first_name": "",
            "real_name": "David Morrin",
            "display_name": "David Morrin",
            "team": "T029DES7R6C",
            "name": "s3845230",
            "is_restricted": false,
            "is_ultra_restricted": false
        },
        "blocks": [
            {
                "type": "rich_text",
                "block_id": "lf+",
                "elements": [
                    {
                        "type": "rich_text_section",
                        "elements": [
                            {
                                "type": "text",
                                "text": "20 hrs"
                            }
                        ]
                    }
                ]
            }
        ]
    },
    {
        "client_msg_id": "7ad62220-7b42-4aad-b991-3e8c3262544a",
        "type": "message",
        "text": "24.5 hrs",
        "user": "U028Q0JRT5Z",
        "ts": "1631960786.002800",
        "team": "T029DES7R6C",
        "user_team": "T029DES7R6C",
        "source_team": "T029DES7R6C",
        "user_profile": {
            "avatar_hash": "gc0a0f501264",
            "image_72": "https:\/\/secure.gravatar.com\/avatar\/c0a0f501264ea428e657134ba84f1340.jpg?s=72&d=https%3A%2F%2Fa.slack-edge.com%2Fdf10d%2Fimg%2Favatars%2Fava_0000-72.png",
            "first_name": "",
            "real_name": "Charlton Ho",
            "display_name": "Charlton Ho",
            "team": "T029DES7R6C",
            "name": "s3845107",
            "is_restricted": false,
            "is_ultra_restricted": false
        },
        "blocks": [
            {
                "type": "rich_text",
                "block_id": "DEn=6",
                "elements": [
                    {
                        "type": "rich_text_section",
                        "elements": [
                            {
                                "type": "text",
                                "text": "24.5 hrs"
                            }
                        ]
                    }
                ]
            }
        ]
    },
    {
        "client_msg_id": "a4b234a5-22bb-4ad9-95cf-e6775bf6b2aa",
        "type": "message",
        "text": "17 hrs",
        "user": "U028H1ZCRFG",
        "ts": "1631960807.003000",
        "team": "T029DES7R6C",
        "user_team": "T029DES7R6C",
        "source_team": "T029DES7R6C",
        "user_profile": {
            "avatar_hash": "gc3db535a224",
            "image_72": "https:\/\/secure.gravatar.com\/avatar\/c3db535a224ec90db120275e353cbe09.jpg?s=72&d=https%3A%2F%2Fa.slack-edge.com%2Fdf10d%2Fimg%2Favatars%2Fava_0014-72.png",
            "first_name": "",
            "real_name": "Allen Muthupunnackal Jose",
            "display_name": "Allen Muthupunnackal Jose",
            "team": "T029DES7R6C",
            "name": "s3823316",
            "is_restricted": false,
            "is_ultra_restricted": false
        },
        "blocks": [
            {
                "type": "rich_text",
                "block_id": "idldG",
                "elements": [
                    {
                        "type": "rich_text_section",
                        "elements": [
                            {
                                "type": "text",
                                "text": "17 hrs"
                            }
                        ]
                    }
                ]
            }
        ]
    },
    {
        "client_msg_id": "866acc5d-fe5f-4e5e-b6ac-05fed4d5499b",
        "type": "message",
        "text": "22.45",
        "user": "U0292DR37SM",
        "ts": "1631960934.003200",
        "team": "T029DES7R6C",
        "user_team": "T029DES7R6C",
        "source_team": "T029DES7R6C",
        "user_profile": {
            "avatar_hash": "d65bfa895e54",
            "image_72": "https:\/\/avatars.slack-edge.com\/2021-07-21\/2295838934866_d65bfa895e54f435d12c_72.jpg",
            "first_name": "s3845295",
            "real_name": "s3845295",
            "display_name": "Roman O'Brien",
            "team": "T029DES7R6C",
            "name": "s3845295",
            "is_restricted": false,
            "is_ultra_restricted": false
        },
        "blocks": [
            {
                "type": "rich_text",
                "block_id": "dbvuZ",
                "elements": [
                    {
                        "type": "rich_text_section",
                        "elements": [
                            {
                                "type": "text",
                                "text": "22.45"
                            }
                        ]
                    }
                ]
            }
        ]
    },
    {
        "type": "message",
        "text": "last build was successful btw :smile:",
        "files": [
            {
                "id": "F02F98SDCBT",
                "created": 1631961296,
                "timestamp": 1631961296,
                "name": "image.png",
                "title": "image.png",
                "mimetype": "image\/png",
                "filetype": "png",
                "pretty_type": "PNG",
                "user": "U0292DR37SM",
                "editable": false,
                "size": 17971,
                "mode": "hosted",
                "is_external": false,
                "external_type": "",
                "is_public": true,
                "public_url_shared": false,
                "display_as_bot": false,
                "username": "",
                "url_private": "https:\/\/files.slack.com\/files-pri\/T029DES7R6C-F02F98SDCBT\/image.png?t=xoxe-2319502263216-2503669125045-2506678109635-aa30a433328c78366c105f180f69b1b8",
                "url_private_download": "https:\/\/files.slack.com\/files-pri\/T029DES7R6C-F02F98SDCBT\/download\/image.png?t=xoxe-2319502263216-2503669125045-2506678109635-aa30a433328c78366c105f180f69b1b8",
                "thumb_64": "https:\/\/files.slack.com\/files-tmb\/T029DES7R6C-F02F98SDCBT-e50ee0bc2d\/image_64.png?t=xoxe-2319502263216-2503669125045-2506678109635-aa30a433328c78366c105f180f69b1b8",
                "thumb_80": "https:\/\/files.slack.com\/files-tmb\/T029DES7R6C-F02F98SDCBT-e50ee0bc2d\/image_80.png?t=xoxe-2319502263216-2503669125045-2506678109635-aa30a433328c78366c105f180f69b1b8",
                "thumb_360": "https:\/\/files.slack.com\/files-tmb\/T029DES7R6C-F02F98SDCBT-e50ee0bc2d\/image_360.png?t=xoxe-2319502263216-2503669125045-2506678109635-aa30a433328c78366c105f180f69b1b8",
                "thumb_360_w": 360,
                "thumb_360_h": 48,
                "thumb_480": "https:\/\/files.slack.com\/files-tmb\/T029DES7R6C-F02F98SDCBT-e50ee0bc2d\/image_480.png?t=xoxe-2319502263216-2503669125045-2506678109635-aa30a433328c78366c105f180f69b1b8",
                "thumb_480_w": 480,
                "thumb_480_h": 64,
                "thumb_160": "https:\/\/files.slack.com\/files-tmb\/T029DES7R6C-F02F98SDCBT-e50ee0bc2d\/image_160.png?t=xoxe-2319502263216-2503669125045-2506678109635-aa30a433328c78366c105f180f69b1b8",
                "thumb_720": "https:\/\/files.slack.com\/files-tmb\/T029DES7R6C-F02F98SDCBT-e50ee0bc2d\/image_720.png?t=xoxe-2319502263216-2503669125045-2506678109635-aa30a433328c78366c105f180f69b1b8",
                "thumb_720_w": 720,
                "thumb_720_h": 96,
                "thumb_800": "https:\/\/files.slack.com\/files-tmb\/T029DES7R6C-F02F98SDCBT-e50ee0bc2d\/image_800.png?t=xoxe-2319502263216-2503669125045-2506678109635-aa30a433328c78366c105f180f69b1b8",
                "thumb_800_w": 800,
                "thumb_800_h": 107,
                "thumb_960": "https:\/\/files.slack.com\/files-tmb\/T029DES7R6C-F02F98SDCBT-e50ee0bc2d\/image_960.png?t=xoxe-2319502263216-2503669125045-2506678109635-aa30a433328c78366c105f180f69b1b8",
                "thumb_960_w": 960,
                "thumb_960_h": 129,
                "thumb_1024": "https:\/\/files.slack.com\/files-tmb\/T029DES7R6C-F02F98SDCBT-e50ee0bc2d\/image_1024.png?t=xoxe-2319502263216-2503669125045-2506678109635-aa30a433328c78366c105f180f69b1b8",
                "thumb_1024_w": 1024,
                "thumb_1024_h": 137,
                "original_w": 1179,
                "original_h": 158,
                "thumb_tiny": "AwAGADDSAxSMu71H0NOooATFLRRQAhXnOTRS0UAf\/9k=",
                "permalink": "https:\/\/septteam3.slack.com\/files\/U0292DR37SM\/F02F98SDCBT\/image.png",
                "permalink_public": "https:\/\/slack-files.com\/T029DES7R6C-F02F98SDCBT-e1f58e2586",
                "is_starred": false,
                "has_rich_preview": false
            }
        ],
        "upload": false,
        "blocks": [
            {
                "type": "rich_text",
                "block_id": "0k6P",
                "elements": [
                    {
                        "type": "rich_text_section",
                        "elements": [
                            {
                                "type": "text",
                                "text": "last build was successful btw "
                            },
                            {
                                "type": "emoji",
                                "name": "smile"
                            }
                        ]
                    }
                ]
            }
        ],
        "user": "U0292DR37SM",
        "display_as_bot": false,
        "ts": "1631961303.003500",
        "client_msg_id": "c4972d0e-36ac-4301-bd61-340e04fca527"
    }
]