[
    {
        "client_msg_id": "ecd00d95-d515-4eb9-a840-8da7079d0ad8",
        "type": "message",
        "text": "<!everyone> reminder we have our meeting now - there's some things I'd like to discuss so it would be great if you could make it!",
        "user": "U0292DR37SM",
        "ts": "1631518278.000500",
        "team": "T029DES7R6C",
        "user_team": "T029DES7R6C",
        "source_team": "T029DES7R6C",
        "user_profile": {
            "avatar_hash": "d65bfa895e54",
            "image_72": "https:\/\/avatars.slack-edge.com\/2021-07-21\/2295838934866_d65bfa895e54f435d12c_72.jpg",
            "first_name": "s3845295",
            "real_name": "s3845295",
            "display_name": "Roman O'Brien",
            "team": "T029DES7R6C",
            "name": "s3845295",
            "is_restricted": false,
            "is_ultra_restricted": false
        },
        "blocks": [
            {
                "type": "rich_text",
                "block_id": "f3d7r",
                "elements": [
                    {
                        "type": "rich_text_section",
                        "elements": [
                            {
                                "type": "broadcast",
                                "range": "everyone"
                            },
                            {
                                "type": "text",
                                "text": " reminder we have our meeting now - there's some things I'd like to discuss so it would be great if you could make it!"
                            }
                        ]
                    }
                ]
            }
        ]
    },
    {
        "client_msg_id": "b3f846d0-37c9-447d-b335-7a829ebacd7d",
        "type": "message",
        "text": "Yeah sorry I was up all night doing an assignment, slept through the day",
        "user": "U029DEVGDPA",
        "ts": "1631525780.001200",
        "team": "T029DES7R6C",
        "user_team": "T029DES7R6C",
        "source_team": "T029DES7R6C",
        "user_profile": {
            "avatar_hash": "geece83cd4c4",
            "image_72": "https:\/\/secure.gravatar.com\/avatar\/eece83cd4c434337d463711b87edc39e.jpg?s=72&d=https%3A%2F%2Fa.slack-edge.com%2Fdf10d%2Fimg%2Favatars%2Fava_0026-72.png",
            "first_name": "",
            "real_name": "David Morrin",
            "display_name": "David Morrin",
            "team": "T029DES7R6C",
            "name": "s3845230",
            "is_restricted": false,
            "is_ultra_restricted": false
        },
        "blocks": [
            {
                "type": "rich_text",
                "block_id": "N=n",
                "elements": [
                    {
                        "type": "rich_text_section",
                        "elements": [
                            {
                                "type": "text",
                                "text": "Yeah sorry I was up all night doing an assignment, slept through the day"
                            }
                        ]
                    }
                ]
            }
        ],
        "reactions": [
            {
                "name": "joy",
                "users": [
                    "U0292DR37SM"
                ],
                "count": 1
            }
        ]
    },
    {
        "client_msg_id": "2fb64f45-3c33-4f00-99ab-40a668fb46a0",
        "type": "message",
        "text": "I'll split a branch off of develop for BK-28 with the get request mapping tonight",
        "user": "U029DEVGDPA",
        "ts": "1631526195.002300",
        "team": "T029DES7R6C",
        "user_team": "T029DES7R6C",
        "source_team": "T029DES7R6C",
        "user_profile": {
            "avatar_hash": "geece83cd4c4",
            "image_72": "https:\/\/secure.gravatar.com\/avatar\/eece83cd4c434337d463711b87edc39e.jpg?s=72&d=https%3A%2F%2Fa.slack-edge.com%2Fdf10d%2Fimg%2Favatars%2Fava_0026-72.png",
            "first_name": "",
            "real_name": "David Morrin",
            "display_name": "David Morrin",
            "team": "T029DES7R6C",
            "name": "s3845230",
            "is_restricted": false,
            "is_ultra_restricted": false
        },
        "edited": {
            "user": "U029DEVGDPA",
            "ts": "1631526204.000000"
        },
        "blocks": [
            {
                "type": "rich_text",
                "block_id": "ZOIOq",
                "elements": [
                    {
                        "type": "rich_text_section",
                        "elements": [
                            {
                                "type": "text",
                                "text": "I'll split a branch off of develop for BK-28 with the get request mapping tonight"
                            }
                        ]
                    }
                ]
            }
        ],
        "reactions": [
            {
                "name": "heart",
                "users": [
                    "U0292DR37SM"
                ],
                "count": 1
            }
        ]
    },
    {
        "client_msg_id": "2163de78-b44e-47bf-9f90-e554d7c71cce",
        "type": "message",
        "text": "What are the ramifications of me branching View Book out of Search-new Branch - im pretty much just copying the majority of the back end code from that branch",
        "user": "U029DEVGDPA",
        "ts": "1631532064.003800",
        "team": "T029DES7R6C",
        "user_team": "T029DES7R6C",
        "source_team": "T029DES7R6C",
        "user_profile": {
            "avatar_hash": "geece83cd4c4",
            "image_72": "https:\/\/secure.gravatar.com\/avatar\/eece83cd4c434337d463711b87edc39e.jpg?s=72&d=https%3A%2F%2Fa.slack-edge.com%2Fdf10d%2Fimg%2Favatars%2Fava_0026-72.png",
            "first_name": "",
            "real_name": "David Morrin",
            "display_name": "David Morrin",
            "team": "T029DES7R6C",
            "name": "s3845230",
            "is_restricted": false,
            "is_ultra_restricted": false
        },
        "edited": {
            "user": "U029DEVGDPA",
            "ts": "1631532082.000000"
        },
        "blocks": [
            {
                "type": "rich_text",
                "block_id": "h3ig",
                "elements": [
                    {
                        "type": "rich_text_section",
                        "elements": [
                            {
                                "type": "text",
                                "text": "What are the ramifications of me branching View Book out of Search-new Branch - im pretty much just copying the majority of the back end code from that branch"
                            }
                        ]
                    }
                ]
            }
        ]
    },
    {
        "client_msg_id": "b2c7fcc5-fb0d-400a-a00b-b1fdf82ba092",
        "type": "message",
        "text": "It's going to make merging weird when we have to put both branches back into develop",
        "user": "U0292DR37SM",
        "ts": "1631532509.004400",
        "team": "T029DES7R6C",
        "user_team": "T029DES7R6C",
        "source_team": "T029DES7R6C",
        "user_profile": {
            "avatar_hash": "d65bfa895e54",
            "image_72": "https:\/\/avatars.slack-edge.com\/2021-07-21\/2295838934866_d65bfa895e54f435d12c_72.jpg",
            "first_name": "s3845295",
            "real_name": "s3845295",
            "display_name": "Roman O'Brien",
            "team": "T029DES7R6C",
            "name": "s3845295",
            "is_restricted": false,
            "is_ultra_restricted": false
        },
        "blocks": [
            {
                "type": "rich_text",
                "block_id": "+ox2w",
                "elements": [
                    {
                        "type": "rich_text_section",
                        "elements": [
                            {
                                "type": "text",
                                "text": "It's going to make merging weird when we have to put both branches back into develop"
                            }
                        ]
                    }
                ]
            }
        ]
    },
    {
        "client_msg_id": "c0b21c00-993e-422a-bc4e-93b1722e9bad",
        "type": "message",
        "text": "is search done? merge it into develop then branch",
        "user": "U0292DR37SM",
        "ts": "1631532525.004800",
        "team": "T029DES7R6C",
        "user_team": "T029DES7R6C",
        "source_team": "T029DES7R6C",
        "user_profile": {
            "avatar_hash": "d65bfa895e54",
            "image_72": "https:\/\/avatars.slack-edge.com\/2021-07-21\/2295838934866_d65bfa895e54f435d12c_72.jpg",
            "first_name": "s3845295",
            "real_name": "s3845295",
            "display_name": "Roman O'Brien",
            "team": "T029DES7R6C",
            "name": "s3845295",
            "is_restricted": false,
            "is_ultra_restricted": false
        },
        "blocks": [
            {
                "type": "rich_text",
                "block_id": "gb0qu",
                "elements": [
                    {
                        "type": "rich_text_section",
                        "elements": [
                            {
                                "type": "text",
                                "text": "is search done? merge it into develop then branch"
                            }
                        ]
                    }
                ]
            }
        ]
    },
    {
        "client_msg_id": "4c2934ae-69ac-4be1-ab74-d279bbf211c8",
        "type": "message",
        "text": "Ah it'll probably be fine you can do that",
        "user": "U0292DR37SM",
        "ts": "1631532552.005100",
        "team": "T029DES7R6C",
        "user_team": "T029DES7R6C",
        "source_team": "T029DES7R6C",
        "user_profile": {
            "avatar_hash": "d65bfa895e54",
            "image_72": "https:\/\/avatars.slack-edge.com\/2021-07-21\/2295838934866_d65bfa895e54f435d12c_72.jpg",
            "first_name": "s3845295",
            "real_name": "s3845295",
            "display_name": "Roman O'Brien",
            "team": "T029DES7R6C",
            "name": "s3845295",
            "is_restricted": false,
            "is_ultra_restricted": false
        },
        "blocks": [
            {
                "type": "rich_text",
                "block_id": "1LeZS",
                "elements": [
                    {
                        "type": "rich_text_section",
                        "elements": [
                            {
                                "type": "text",
                                "text": "Ah it'll probably be fine you can do that"
                            }
                        ]
                    }
                ]
            }
        ]
    },
    {
        "client_msg_id": "56bf9863-b937-4c99-b4ee-403cd3a7cbcf",
        "type": "message",
        "text": "worst case we have to fix some code that's fine",
        "user": "U0292DR37SM",
        "ts": "1631532559.005300",
        "team": "T029DES7R6C",
        "user_team": "T029DES7R6C",
        "source_team": "T029DES7R6C",
        "user_profile": {
            "avatar_hash": "d65bfa895e54",
            "image_72": "https:\/\/avatars.slack-edge.com\/2021-07-21\/2295838934866_d65bfa895e54f435d12c_72.jpg",
            "first_name": "s3845295",
            "real_name": "s3845295",
            "display_name": "Roman O'Brien",
            "team": "T029DES7R6C",
            "name": "s3845295",
            "is_restricted": false,
            "is_ultra_restricted": false
        },
        "blocks": [
            {
                "type": "rich_text",
                "block_id": "eUTg=",
                "elements": [
                    {
                        "type": "rich_text_section",
                        "elements": [
                            {
                                "type": "text",
                                "text": "worst case we have to fix some code that's fine"
                            }
                        ]
                    }
                ]
            }
        ]
    },
    {
        "client_msg_id": "28c96277-e389-4034-9970-993f9bc6c79f",
        "type": "message",
        "text": "search back end is done, is front end?",
        "user": "U029DEVGDPA",
        "ts": "1631532602.005600",
        "team": "T029DES7R6C",
        "user_team": "T029DES7R6C",
        "source_team": "T029DES7R6C",
        "user_profile": {
            "avatar_hash": "geece83cd4c4",
            "image_72": "https:\/\/secure.gravatar.com\/avatar\/eece83cd4c434337d463711b87edc39e.jpg?s=72&d=https%3A%2F%2Fa.slack-edge.com%2Fdf10d%2Fimg%2Favatars%2Fava_0026-72.png",
            "first_name": "",
            "real_name": "David Morrin",
            "display_name": "David Morrin",
            "team": "T029DES7R6C",
            "name": "s3845230",
            "is_restricted": false,
            "is_ultra_restricted": false
        },
        "blocks": [
            {
                "type": "rich_text",
                "block_id": "MxN",
                "elements": [
                    {
                        "type": "rich_text_section",
                        "elements": [
                            {
                                "type": "text",
                                "text": "search back end is done, is front end?"
                            }
                        ]
                    }
                ]
            }
        ]
    },
    {
        "client_msg_id": "f81ada95-467c-4824-a5d3-de51ffd9b6ea",
        "type": "message",
        "text": "if it is we can merge to develop",
        "user": "U029DEVGDPA",
        "ts": "1631532607.005800",
        "team": "T029DES7R6C",
        "user_team": "T029DES7R6C",
        "source_team": "T029DES7R6C",
        "user_profile": {
            "avatar_hash": "geece83cd4c4",
            "image_72": "https:\/\/secure.gravatar.com\/avatar\/eece83cd4c434337d463711b87edc39e.jpg?s=72&d=https%3A%2F%2Fa.slack-edge.com%2Fdf10d%2Fimg%2Favatars%2Fava_0026-72.png",
            "first_name": "",
            "real_name": "David Morrin",
            "display_name": "David Morrin",
            "team": "T029DES7R6C",
            "name": "s3845230",
            "is_restricted": false,
            "is_ultra_restricted": false
        },
        "blocks": [
            {
                "type": "rich_text",
                "block_id": "hu1",
                "elements": [
                    {
                        "type": "rich_text_section",
                        "elements": [
                            {
                                "type": "text",
                                "text": "if it is we can merge to develop"
                            }
                        ]
                    }
                ]
            }
        ]
    },
    {
        "client_msg_id": "986417ee-a088-4adb-9e4f-f2bff1955238",
        "type": "message",
        "text": "I think so - only missing image thumbnails (may not really need them?)",
        "user": "U0292DR37SM",
        "ts": "1631532657.006300",
        "team": "T029DES7R6C",
        "user_team": "T029DES7R6C",
        "source_team": "T029DES7R6C",
        "user_profile": {
            "avatar_hash": "d65bfa895e54",
            "image_72": "https:\/\/avatars.slack-edge.com\/2021-07-21\/2295838934866_d65bfa895e54f435d12c_72.jpg",
            "first_name": "s3845295",
            "real_name": "s3845295",
            "display_name": "Roman O'Brien",
            "team": "T029DES7R6C",
            "name": "s3845295",
            "is_restricted": false,
            "is_ultra_restricted": false
        },
        "blocks": [
            {
                "type": "rich_text",
                "block_id": "kFV2",
                "elements": [
                    {
                        "type": "rich_text_section",
                        "elements": [
                            {
                                "type": "text",
                                "text": "I think so - only missing image thumbnails (may not really need them?)"
                            }
                        ]
                    }
                ]
            }
        ]
    },
    {
        "client_msg_id": "4f6cc060-62d7-41cc-ba50-151d90d9f091",
        "type": "message",
        "text": "You'll have to check with charlton first though",
        "user": "U0292DR37SM",
        "ts": "1631532666.006600",
        "team": "T029DES7R6C",
        "user_team": "T029DES7R6C",
        "source_team": "T029DES7R6C",
        "user_profile": {
            "avatar_hash": "d65bfa895e54",
            "image_72": "https:\/\/avatars.slack-edge.com\/2021-07-21\/2295838934866_d65bfa895e54f435d12c_72.jpg",
            "first_name": "s3845295",
            "real_name": "s3845295",
            "display_name": "Roman O'Brien",
            "team": "T029DES7R6C",
            "name": "s3845295",
            "is_restricted": false,
            "is_ultra_restricted": false
        },
        "blocks": [
            {
                "type": "rich_text",
                "block_id": "m=PFy",
                "elements": [
                    {
                        "type": "rich_text_section",
                        "elements": [
                            {
                                "type": "text",
                                "text": "You'll have to check with charlton first though"
                            }
                        ]
                    }
                ]
            }
        ]
    },
    {
        "client_msg_id": "260bb409-ee87-4053-abad-6d8468f4d316",
        "type": "message",
        "text": "Oh forgot to mention last night but BK-28 is up, and you can get the info for a specific book with \/searchbyid\/{id}",
        "user": "U029DEVGDPA",
        "ts": "1631589823.001200",
        "team": "T029DES7R6C",
        "user_team": "T029DES7R6C",
        "source_team": "T029DES7R6C",
        "user_profile": {
            "avatar_hash": "geece83cd4c4",
            "image_72": "https:\/\/secure.gravatar.com\/avatar\/eece83cd4c434337d463711b87edc39e.jpg?s=72&d=https%3A%2F%2Fa.slack-edge.com%2Fdf10d%2Fimg%2Favatars%2Fava_0026-72.png",
            "first_name": "",
            "real_name": "David Morrin",
            "display_name": "David Morrin",
            "team": "T029DES7R6C",
            "name": "s3845230",
            "is_restricted": false,
            "is_ultra_restricted": false
        },
        "blocks": [
            {
                "type": "rich_text",
                "block_id": "YTd",
                "elements": [
                    {
                        "type": "rich_text_section",
                        "elements": [
                            {
                                "type": "text",
                                "text": "Oh forgot to mention last night but BK-28 is up, and you can get the info for a specific book with \/searchbyid\/{id}"
                            }
                        ]
                    }
                ]
            }
        ]
    }
]