[
    {
        "client_msg_id": "afb1d9bd-7968-44d1-8c18-c8dac8b658e0",
        "type": "message",
        "text": "Sorry won't be able to make our meeting today - work ran late!",
        "user": "U0292DR37SM",
        "ts": "1631254347.000500",
        "team": "T029DES7R6C",
        "user_team": "T029DES7R6C",
        "source_team": "T029DES7R6C",
        "user_profile": {
            "avatar_hash": "d65bfa895e54",
            "image_72": "https:\/\/avatars.slack-edge.com\/2021-07-21\/2295838934866_d65bfa895e54f435d12c_72.jpg",
            "first_name": "s3845295",
            "real_name": "s3845295",
            "display_name": "Roman O'Brien",
            "team": "T029DES7R6C",
            "name": "s3845295",
            "is_restricted": false,
            "is_ultra_restricted": false
        },
        "blocks": [
            {
                "type": "rich_text",
                "block_id": "LSk",
                "elements": [
                    {
                        "type": "rich_text_section",
                        "elements": [
                            {
                                "type": "text",
                                "text": "Sorry won't be able to make our meeting today - work ran late!"
                            }
                        ]
                    }
                ]
            }
        ],
        "reactions": [
            {
                "name": "+1",
                "users": [
                    "U029DEVGDPA"
                ],
                "count": 1
            }
        ]
    }
]