[
    {
        "type": "message",
        "text": "this is a lie I feel like I'm more confused than I was beforehand",
        "files": [
            {
                "id": "F02DYA1QLES",
                "created": 1631424818,
                "timestamp": 1631424818,
                "name": "image.png",
                "title": "image.png",
                "mimetype": "image\/png",
                "filetype": "png",
                "pretty_type": "PNG",
                "user": "U0292DR37SM",
                "editable": false,
                "size": 13714,
                "mode": "hosted",
                "is_external": false,
                "external_type": "",
                "is_public": true,
                "public_url_shared": false,
                "display_as_bot": false,
                "username": "",
                "url_private": "https:\/\/files.slack.com\/files-pri\/T029DES7R6C-F02DYA1QLES\/image.png?t=xoxe-2319502263216-2503669125045-2506678109635-aa30a433328c78366c105f180f69b1b8",
                "url_private_download": "https:\/\/files.slack.com\/files-pri\/T029DES7R6C-F02DYA1QLES\/download\/image.png?t=xoxe-2319502263216-2503669125045-2506678109635-aa30a433328c78366c105f180f69b1b8",
                "thumb_64": "https:\/\/files.slack.com\/files-tmb\/T029DES7R6C-F02DYA1QLES-0f2327029b\/image_64.png?t=xoxe-2319502263216-2503669125045-2506678109635-aa30a433328c78366c105f180f69b1b8",
                "thumb_80": "https:\/\/files.slack.com\/files-tmb\/T029DES7R6C-F02DYA1QLES-0f2327029b\/image_80.png?t=xoxe-2319502263216-2503669125045-2506678109635-aa30a433328c78366c105f180f69b1b8",
                "thumb_360": "https:\/\/files.slack.com\/files-tmb\/T029DES7R6C-F02DYA1QLES-0f2327029b\/image_360.png?t=xoxe-2319502263216-2503669125045-2506678109635-aa30a433328c78366c105f180f69b1b8",
                "thumb_360_w": 360,
                "thumb_360_h": 47,
                "thumb_480": "https:\/\/files.slack.com\/files-tmb\/T029DES7R6C-F02DYA1QLES-0f2327029b\/image_480.png?t=xoxe-2319502263216-2503669125045-2506678109635-aa30a433328c78366c105f180f69b1b8",
                "thumb_480_w": 480,
                "thumb_480_h": 63,
                "thumb_160": "https:\/\/files.slack.com\/files-tmb\/T029DES7R6C-F02DYA1QLES-0f2327029b\/image_160.png?t=xoxe-2319502263216-2503669125045-2506678109635-aa30a433328c78366c105f180f69b1b8",
                "original_w": 705,
                "original_h": 93,
                "thumb_tiny": "AwAGADDQJGeRScelB6mkp2FcdlfSnFFIwQKZUlADPKT+6KURoDkKM06ii7Cx\/9k=",
                "permalink": "https:\/\/septteam3.slack.com\/files\/U0292DR37SM\/F02DYA1QLES\/image.png",
                "permalink_public": "https:\/\/slack-files.com\/T029DES7R6C-F02DYA1QLES-f7f2973b1d",
                "is_starred": false,
                "has_rich_preview": false
            }
        ],
        "upload": false,
        "blocks": [
            {
                "type": "rich_text",
                "block_id": "Xb6x",
                "elements": [
                    {
                        "type": "rich_text_section",
                        "elements": [
                            {
                                "type": "text",
                                "text": "this is a lie I feel like I'm more confused than I was beforehand"
                            }
                        ]
                    }
                ]
            }
        ],
        "user": "U0292DR37SM",
        "display_as_bot": false,
        "ts": "1631424942.000100",
        "reactions": [
            {
                "name": "upside_down_face",
                "users": [
                    "U029DEVGDPA"
                ],
                "count": 1
            }
        ]
    },
    {
        "client_msg_id": "673de58d-7c6a-4e14-8885-4ee97b253122",
        "type": "message",
        "text": "The structure and implementation of the code in that artcle is slightly too weird and different from the basecode to help me understand it lmao",
        "user": "U0292DR37SM",
        "ts": "1631424999.000700",
        "team": "T029DES7R6C",
        "user_team": "T029DES7R6C",
        "source_team": "T029DES7R6C",
        "user_profile": {
            "avatar_hash": "d65bfa895e54",
            "image_72": "https:\/\/avatars.slack-edge.com\/2021-07-21\/2295838934866_d65bfa895e54f435d12c_72.jpg",
            "first_name": "s3845295",
            "real_name": "s3845295",
            "display_name": "Roman O'Brien",
            "team": "T029DES7R6C",
            "name": "s3845295",
            "is_restricted": false,
            "is_ultra_restricted": false
        },
        "blocks": [
            {
                "type": "rich_text",
                "block_id": "Xzz",
                "elements": [
                    {
                        "type": "rich_text_section",
                        "elements": [
                            {
                                "type": "text",
                                "text": "The structure and implementation of the code in that artcle is slightly too weird and different from the basecode to help me understand it lmao"
                            }
                        ]
                    }
                ]
            }
        ]
    }
]