[
    {
        "client_msg_id": "9b590cbe-4cac-44b1-999b-a4f84c574f03",
        "type": "message",
        "text": "I have our Sprint Planning for 8:30 this morning in my calendar - did we agree to do it then? If so I'm very sorry that I slept through it - does this afternoon still work?",
        "user": "U0292DR37SM",
        "ts": "1630894398.001600",
        "team": "T029DES7R6C",
        "user_team": "T029DES7R6C",
        "source_team": "T029DES7R6C",
        "user_profile": {
            "avatar_hash": "d65bfa895e54",
            "image_72": "https:\/\/avatars.slack-edge.com\/2021-07-21\/2295838934866_d65bfa895e54f435d12c_72.jpg",
            "first_name": "s3845295",
            "real_name": "s3845295",
            "display_name": "Roman O'Brien",
            "team": "T029DES7R6C",
            "name": "s3845295",
            "is_restricted": false,
            "is_ultra_restricted": false
        },
        "blocks": [
            {
                "type": "rich_text",
                "block_id": "EXE",
                "elements": [
                    {
                        "type": "rich_text_section",
                        "elements": [
                            {
                                "type": "text",
                                "text": "I have our Sprint Planning for 8:30 this morning in my calendar - did we agree to do it then? If so I'm very sorry that I slept through it - does this afternoon still work?"
                            }
                        ]
                    }
                ]
            }
        ]
    },
    {
        "client_msg_id": "016283a9-ecd3-4079-819c-a245e7370dcb",
        "type": "message",
        "text": "I have classes till 5:30pm today",
        "user": "U028Q0JRT5Z",
        "ts": "1630894453.002300",
        "team": "T029DES7R6C",
        "user_team": "T029DES7R6C",
        "source_team": "T029DES7R6C",
        "user_profile": {
            "avatar_hash": "gc0a0f501264",
            "image_72": "https:\/\/secure.gravatar.com\/avatar\/c0a0f501264ea428e657134ba84f1340.jpg?s=72&d=https%3A%2F%2Fa.slack-edge.com%2Fdf10d%2Fimg%2Favatars%2Fava_0000-72.png",
            "first_name": "",
            "real_name": "Charlton Ho",
            "display_name": "Charlton Ho",
            "team": "T029DES7R6C",
            "name": "s3845107",
            "is_restricted": false,
            "is_ultra_restricted": false
        },
        "blocks": [
            {
                "type": "rich_text",
                "block_id": "Lkt",
                "elements": [
                    {
                        "type": "rich_text_section",
                        "elements": [
                            {
                                "type": "text",
                                "text": "I have classes till 5:30pm today"
                            }
                        ]
                    }
                ]
            }
        ]
    },
    {
        "client_msg_id": "D8CF475E-D66A-439A-8F56-8D89AE7307C0",
        "type": "message",
        "text": "I have class till 7:30pm !! ",
        "user": "U028H1ZCRFG",
        "ts": "1630894518.002900",
        "team": "T029DES7R6C",
        "user_team": "T029DES7R6C",
        "source_team": "T029DES7R6C",
        "user_profile": {
            "avatar_hash": "gc3db535a224",
            "image_72": "https:\/\/secure.gravatar.com\/avatar\/c3db535a224ec90db120275e353cbe09.jpg?s=72&d=https%3A%2F%2Fa.slack-edge.com%2Fdf10d%2Fimg%2Favatars%2Fava_0014-72.png",
            "first_name": "",
            "real_name": "Allen Muthupunnackal Jose",
            "display_name": "Allen Muthupunnackal Jose",
            "team": "T029DES7R6C",
            "name": "s3823316",
            "is_restricted": false,
            "is_ultra_restricted": false
        },
        "blocks": [
            {
                "type": "rich_text",
                "block_id": "Hj6q",
                "elements": [
                    {
                        "type": "rich_text_section",
                        "elements": [
                            {
                                "type": "text",
                                "text": "I have class till 7:30pm !! "
                            }
                        ]
                    }
                ]
            }
        ]
    },
    {
        "client_msg_id": "839051ab-217a-41d3-a36f-cb0f2c65b068",
        "type": "message",
        "text": ":grimacing:",
        "user": "U0292DR37SM",
        "ts": "1630895009.003100",
        "team": "T029DES7R6C",
        "user_team": "T029DES7R6C",
        "source_team": "T029DES7R6C",
        "user_profile": {
            "avatar_hash": "d65bfa895e54",
            "image_72": "https:\/\/avatars.slack-edge.com\/2021-07-21\/2295838934866_d65bfa895e54f435d12c_72.jpg",
            "first_name": "s3845295",
            "real_name": "s3845295",
            "display_name": "Roman O'Brien",
            "team": "T029DES7R6C",
            "name": "s3845295",
            "is_restricted": false,
            "is_ultra_restricted": false
        },
        "blocks": [
            {
                "type": "rich_text",
                "block_id": "YcX",
                "elements": [
                    {
                        "type": "rich_text_section",
                        "elements": [
                            {
                                "type": "emoji",
                                "name": "grimacing"
                            }
                        ]
                    }
                ]
            }
        ]
    },
    {
        "client_msg_id": "133b3331-a469-41c2-8402-e17303939cf7",
        "type": "message",
        "text": "We'll have to find time tomorrow",
        "user": "U0292DR37SM",
        "ts": "1630897287.000400",
        "team": "T029DES7R6C",
        "user_team": "T029DES7R6C",
        "source_team": "T029DES7R6C",
        "user_profile": {
            "avatar_hash": "d65bfa895e54",
            "image_72": "https:\/\/avatars.slack-edge.com\/2021-07-21\/2295838934866_d65bfa895e54f435d12c_72.jpg",
            "first_name": "s3845295",
            "real_name": "s3845295",
            "display_name": "Roman O'Brien",
            "team": "T029DES7R6C",
            "name": "s3845295",
            "is_restricted": false,
            "is_ultra_restricted": false
        },
        "blocks": [
            {
                "type": "rich_text",
                "block_id": "XrBFk",
                "elements": [
                    {
                        "type": "rich_text_section",
                        "elements": [
                            {
                                "type": "text",
                                "text": "We'll have to find time tomorrow"
                            }
                        ]
                    }
                ]
            }
        ]
    }
]