[
{
    "id": "C028LP88AP7",
    "name": "general",
    "created": 1626830204,
    "creator": "U0292DR37SM",
    "is_archived": false,
    "is_general": true,
    "members": [
        "U028H1ZCRFG",
        "U028Q0JRT5Z",
        "U0292DR37SM",
        "U029DEVGDPA"
    ],
    "topic": {
        "value": "",
        "creator": "",
        "last_set": 0
    },
    "purpose": {
        "value": "This is the one channel that will always include everyone. It’s a great spot for announcements and team-wide conversations.",
        "creator": "U0292DR37SM",
        "last_set": 1626830204
    }
},
{
    "id": "C02A55DCA65",
    "name": "meeting-notes",
    "created": 1627687814,
    "creator": "U0292DR37SM",
    "is_archived": false,
    "is_general": false,
    "members": [
        "U028H1ZCRFG",
        "U028Q0JRT5Z",
        "U0292DR37SM",
        "U029DEVGDPA"
    ],
    "topic": {
        "value": "",
        "creator": "",
        "last_set": 0
    },
    "purpose": {
        "value": "Daily Scrum Meeting Notes",
        "creator": "U0292DR37SM",
        "last_set": 1627687814
    }
},
{
    "id": "C02BXCGN61G",
    "name": "frontend",
    "created": 1629525662,
    "creator": "U0292DR37SM",
    "is_archived": false,
    "is_general": false,
    "members": [
        "U028H1ZCRFG",
        "U028Q0JRT5Z",
        "U0292DR37SM",
        "U029DEVGDPA"
    ],
    "topic": {
        "value": "",
        "creator": "",
        "last_set": 0
    },
    "purpose": {
        "value": "Discussion of Front-End development",
        "creator": "U0292DR37SM",
        "last_set": 1629525662
    }
},
{
    "id": "C02CM1G5TFA",
    "name": "backend",
    "created": 1629525682,
    "creator": "U0292DR37SM",
    "is_archived": false,
    "is_general": false,
    "members": [
        "U028H1ZCRFG",
        "U028Q0JRT5Z",
        "U0292DR37SM",
        "U029DEVGDPA"
    ],
    "topic": {
        "value": "",
        "creator": "",
        "last_set": 0
    },
    "purpose": {
        "value": "Discussion of Back-End development",
        "creator": "U0292DR37SM",
        "last_set": 1629525682
    }
},
{
    "id": "C02EF0XS5NJ",
    "name": "resources",
    "created": 1631777511,
    "creator": "U0292DR37SM",
    "is_archived": false,
    "is_general": false,
    "members": [
        "U028H1ZCRFG",
        "U028Q0JRT5Z",
        "U0292DR37SM",
        "U029DEVGDPA"
    ],
    "topic": {
        "value": "",
        "creator": "",
        "last_set": 0
    },
    "purpose": {
        "value": "Links to share with others that we wish to save",
        "creator": "U0292DR37SM",
        "last_set": 1631777512
    }
}
]