[
{"user_id":"U028Q0JRT5Z","user_name":"s3845107","date":"1628581210","change_type":"added","app_type":"Jira Cloud","app_id":"A2RPP3NFR","scope":"identify,channels:read,groups:read,im:read,mpim:read,channels:write,groups:write,links:read,links:write"},
{"user_id":"U029DEVGDPA","user_name":"s3845230","date":"1627433592","change_type":"added","app_type":"Jira Cloud","app_id":"A2RPP3NFR","scope":"identify,channels:read,groups:read,im:read,mpim:read,channels:write,groups:write,links:read,links:write"},
{"user_id":"U028H1ZCRFG","user_name":"s3823316","date":"1627431755","change_type":"added","app_type":"Jira Cloud","app_id":"A2RPP3NFR","scope":"identify,channels:read,groups:read,im:read,mpim:read,channels:write,groups:write,links:read,links:write"},
{"user_id":"U0292DR37SM","user_name":"s3845295","date":"1627430461","change_type":"added","app_type":"Jira Cloud","app_id":"A2RPP3NFR"},
{"user_id":"U0292DR37SM","user_name":"s3845295","date":"1627430459","change_type":"added","app_type":"Jira Cloud","app_id":"A2RPP3NFR","scope":"identify,channels:read,groups:read,im:read,mpim:read,channels:write,groups:write,links:read,links:write"}
]