[
{"id":"U028H1ZCRFG","team_id":"T029DES7R6C","name":"s3823316","deleted":false,"color":"4bbe2e","real_name":"Allen Muthupunnackal Jose","tz":"Australia\/Canberra","tz_label":"Australian Eastern Standard Time","tz_offset":36000,"profile":{"title":"","phone":"","skype":"","real_name":"Allen Muthupunnackal Jose","real_name_normalized":"Allen Muthupunnackal Jose","display_name":"Allen Muthupunnackal Jose","display_name_normalized":"Allen Muthupunnackal Jose","fields":null,"status_text":"","status_emoji":"","status_emoji_url":"","status_expiration":0,"avatar_hash":"gc3db535a224","email":"s3823316@student.rmit.edu.au","image_24":"https:\/\/secure.gravatar.com\/avatar\/c3db535a224ec90db120275e353cbe09.jpg?s=24&d=https%3A%2F%2Fa.slack-edge.com%2Fdf10d%2Fimg%2Favatars%2Fava_0014-24.png","image_32":"https:\/\/secure.gravatar.com\/avatar\/c3db535a224ec90db120275e353cbe09.jpg?s=32&d=https%3A%2F%2Fa.slack-edge.com%2Fdf10d%2Fimg%2Favatars%2Fava_0014-32.png","image_48":"https:\/\/secure.gravatar.com\/avatar\/c3db535a224ec90db120275e353cbe09.jpg?s=48&d=https%3A%2F%2Fa.slack-edge.com%2Fdf10d%2Fimg%2Favatars%2Fava_0014-48.png","image_72":"https:\/\/secure.gravatar.com\/avatar\/c3db535a224ec90db120275e353cbe09.jpg?s=72&d=https%3A%2F%2Fa.slack-edge.com%2Fdf10d%2Fimg%2Favatars%2Fava_0014-72.png","image_192":"https:\/\/secure.gravatar.com\/avatar\/c3db535a224ec90db120275e353cbe09.jpg?s=192&d=https%3A%2F%2Fa.slack-edge.com%2Fdf10d%2Fimg%2Favatars%2Fava_0014-192.png","image_512":"https:\/\/secure.gravatar.com\/avatar\/c3db535a224ec90db120275e353cbe09.jpg?s=512&d=https%3A%2F%2Fa.slack-edge.com%2Fdf10d%2Fimg%2Favatars%2Fava_0014-512.png","status_text_canonical":"","team":"T029DES7R6C"},"is_admin":false,"is_owner":false,"is_primary_owner":false,"is_restricted":false,"is_ultra_restricted":false,"is_bot":false,"is_app_user":false,"updated":1626830442,"is_email_confirmed":true,"who_can_share_contact_card":"EVERYONE"},
{"id":"U028Q0JRT5Z","team_id":"T029DES7R6C","name":"s3845107","deleted":false,"color":"e7392d","real_name":"Charlton Ho","tz":"Australia\/Canberra","tz_label":"Australian Eastern Standard Time","tz_offset":36000,"profile":{"title":"","phone":"","skype":"","real_name":"Charlton Ho","real_name_normalized":"Charlton Ho","display_name":"Charlton Ho","display_name_normalized":"Charlton Ho","fields":null,"status_text":"","status_emoji":"","status_emoji_url":"","status_expiration":0,"avatar_hash":"gc0a0f501264","email":"s3845107@student.rmit.edu.au","image_24":"https:\/\/secure.gravatar.com\/avatar\/c0a0f501264ea428e657134ba84f1340.jpg?s=24&d=https%3A%2F%2Fa.slack-edge.com%2Fdf10d%2Fimg%2Favatars%2Fava_0000-24.png","image_32":"https:\/\/secure.gravatar.com\/avatar\/c0a0f501264ea428e657134ba84f1340.jpg?s=32&d=https%3A%2F%2Fa.slack-edge.com%2Fdf10d%2Fimg%2Favatars%2Fava_0000-32.png","image_48":"https:\/\/secure.gravatar.com\/avatar\/c0a0f501264ea428e657134ba84f1340.jpg?s=48&d=https%3A%2F%2Fa.slack-edge.com%2Fdf10d%2Fimg%2Favatars%2Fava_0000-48.png","image_72":"https:\/\/secure.gravatar.com\/avatar\/c0a0f501264ea428e657134ba84f1340.jpg?s=72&d=https%3A%2F%2Fa.slack-edge.com%2Fdf10d%2Fimg%2Favatars%2Fava_0000-72.png","image_192":"https:\/\/secure.gravatar.com\/avatar\/c0a0f501264ea428e657134ba84f1340.jpg?s=192&d=https%3A%2F%2Fa.slack-edge.com%2Fdf10d%2Fimg%2Favatars%2Fava_0000-192.png","image_512":"https:\/\/secure.gravatar.com\/avatar\/c0a0f501264ea428e657134ba84f1340.jpg?s=512&d=https%3A%2F%2Fa.slack-edge.com%2Fdf10d%2Fimg%2Favatars%2Fava_0000-512.png","status_text_canonical":"","team":"T029DES7R6C"},"is_admin":false,"is_owner":false,"is_primary_owner":false,"is_restricted":false,"is_ultra_restricted":false,"is_bot":false,"is_app_user":false,"updated":1626830435,"is_email_confirmed":true,"who_can_share_contact_card":"EVERYONE"},
{"id":"U0292DR37SM","team_id":"T029DES7R6C","name":"s3845295","deleted":false,"color":"9f69e7","real_name":"s3845295","tz":"Australia\/Canberra","tz_label":"Australian Eastern Standard Time","tz_offset":36000,"profile":{"title":"Scrum Master","phone":"0419751975","skype":"","real_name":"s3845295","real_name_normalized":"s3845295","display_name":"Roman O'Brien","display_name_normalized":"Roman O'Brien","fields":{},"status_text":"","status_emoji":"","status_emoji_url":"","status_expiration":0,"avatar_hash":"d65bfa895e54","image_original":"https:\/\/avatars.slack-edge.com\/2021-07-21\/2295838934866_d65bfa895e54f435d12c_original.jpg","is_custom_image":true,"email":"s3845295@student.rmit.edu.au","first_name":"s3845295","last_name":"","image_24":"https:\/\/avatars.slack-edge.com\/2021-07-21\/2295838934866_d65bfa895e54f435d12c_24.jpg","image_32":"https:\/\/avatars.slack-edge.com\/2021-07-21\/2295838934866_d65bfa895e54f435d12c_32.jpg","image_48":"https:\/\/avatars.slack-edge.com\/2021-07-21\/2295838934866_d65bfa895e54f435d12c_48.jpg","image_72":"https:\/\/avatars.slack-edge.com\/2021-07-21\/2295838934866_d65bfa895e54f435d12c_72.jpg","image_192":"https:\/\/avatars.slack-edge.com\/2021-07-21\/2295838934866_d65bfa895e54f435d12c_192.jpg","image_512":"https:\/\/avatars.slack-edge.com\/2021-07-21\/2295838934866_d65bfa895e54f435d12c_512.jpg","image_1024":"https:\/\/avatars.slack-edge.com\/2021-07-21\/2295838934866_d65bfa895e54f435d12c_1024.jpg","status_text_canonical":"","team":"T029DES7R6C"},"is_admin":true,"is_owner":true,"is_primary_owner":true,"is_restricted":false,"is_ultra_restricted":false,"is_bot":false,"is_app_user":false,"updated":1626831095,"is_email_confirmed":true,"who_can_share_contact_card":"EVERYONE"},
{"id":"U0296DTEG7Q","team_id":"T029DES7R6C","name":"jirabot","deleted":false,"color":"674b1b","real_name":"Jira","tz":"America\/Los_Angeles","tz_label":"Pacific Daylight Time","tz_offset":-25200,"profile":{"title":"","phone":"","skype":"","real_name":"Jira","real_name_normalized":"Jira","display_name":"","display_name_normalized":"","fields":null,"status_text":"","status_emoji":"","status_emoji_url":"","status_expiration":0,"avatar_hash":"00c985ae9faf","api_app_id":"A2RPP3NFR","always_active":true,"image_original":"https:\/\/avatars.slack-edge.com\/2021-07-27\/2316183360901_00c985ae9fafd9afbe74_original.png","is_custom_image":true,"bot_id":"B029A5D7Z0V","image_24":"https:\/\/avatars.slack-edge.com\/2021-07-27\/2316183360901_00c985ae9fafd9afbe74_24.png","image_32":"https:\/\/avatars.slack-edge.com\/2021-07-27\/2316183360901_00c985ae9fafd9afbe74_32.png","image_48":"https:\/\/avatars.slack-edge.com\/2021-07-27\/2316183360901_00c985ae9fafd9afbe74_48.png","image_72":"https:\/\/avatars.slack-edge.com\/2021-07-27\/2316183360901_00c985ae9fafd9afbe74_72.png","image_192":"https:\/\/avatars.slack-edge.com\/2021-07-27\/2316183360901_00c985ae9fafd9afbe74_192.png","image_512":"https:\/\/avatars.slack-edge.com\/2021-07-27\/2316183360901_00c985ae9fafd9afbe74_512.png","image_1024":"https:\/\/avatars.slack-edge.com\/2021-07-27\/2316183360901_00c985ae9fafd9afbe74_1024.png","status_text_canonical":"","team":"T029DES7R6C"},"is_admin":false,"is_owner":false,"is_primary_owner":false,"is_restricted":false,"is_ultra_restricted":false,"is_bot":true,"is_app_user":false,"updated":1627430464,"is_email_confirmed":false,"who_can_share_contact_card":"EVERYONE"},
{"id":"U029DEVGDPA","team_id":"T029DES7R6C","name":"s3845230","deleted":false,"color":"3c989f","real_name":"David Morrin","tz":"Australia\/Canberra","tz_label":"Australian Eastern Standard Time","tz_offset":36000,"profile":{"title":"","phone":"","skype":"","real_name":"David Morrin","real_name_normalized":"David Morrin","display_name":"David Morrin","display_name_normalized":"David Morrin","fields":null,"status_text":"","status_emoji":"","status_emoji_url":"","status_expiration":0,"avatar_hash":"geece83cd4c4","email":"s3845230@student.rmit.edu.au","image_24":"https:\/\/secure.gravatar.com\/avatar\/eece83cd4c434337d463711b87edc39e.jpg?s=24&d=https%3A%2F%2Fa.slack-edge.com%2Fdf10d%2Fimg%2Favatars%2Fava_0026-24.png","image_32":"https:\/\/secure.gravatar.com\/avatar\/eece83cd4c434337d463711b87edc39e.jpg?s=32&d=https%3A%2F%2Fa.slack-edge.com%2Fdf10d%2Fimg%2Favatars%2Fava_0026-32.png","image_48":"https:\/\/secure.gravatar.com\/avatar\/eece83cd4c434337d463711b87edc39e.jpg?s=48&d=https%3A%2F%2Fa.slack-edge.com%2Fdf10d%2Fimg%2Favatars%2Fava_0026-48.png","image_72":"https:\/\/secure.gravatar.com\/avatar\/eece83cd4c434337d463711b87edc39e.jpg?s=72&d=https%3A%2F%2Fa.slack-edge.com%2Fdf10d%2Fimg%2Favatars%2Fava_0026-72.png","image_192":"https:\/\/secure.gravatar.com\/avatar\/eece83cd4c434337d463711b87edc39e.jpg?s=192&d=https%3A%2F%2Fa.slack-edge.com%2Fdf10d%2Fimg%2Favatars%2Fava_0026-192.png","image_512":"https:\/\/secure.gravatar.com\/avatar\/eece83cd4c434337d463711b87edc39e.jpg?s=512&d=https%3A%2F%2Fa.slack-edge.com%2Fdf10d%2Fimg%2Favatars%2Fava_0026-512.png","status_text_canonical":"","team":"T029DES7R6C"},"is_admin":false,"is_owner":false,"is_primary_owner":false,"is_restricted":false,"is_ultra_restricted":false,"is_bot":false,"is_app_user":false,"updated":1627266057,"is_email_confirmed":true,"who_can_share_contact_card":"EVERYONE"}
]