[
    {
        "client_msg_id": "c02c1097-ff04-42ab-bb21-65c1813f1fe2",
        "type": "message",
        "text": "tried moving actions into one folder, along with reducers, but constantly getting TypeError regarding 'push' from history.push, not sure how to fix this",
        "user": "U028Q0JRT5Z",
        "ts": "1631881727.001600",
        "team": "T029DES7R6C",
        "user_team": "T029DES7R6C",
        "source_team": "T029DES7R6C",
        "user_profile": {
            "avatar_hash": "gc0a0f501264",
            "image_72": "https:\/\/secure.gravatar.com\/avatar\/c0a0f501264ea428e657134ba84f1340.jpg?s=72&d=https%3A%2F%2Fa.slack-edge.com%2Fdf10d%2Fimg%2Favatars%2Fava_0000-72.png",
            "first_name": "",
            "real_name": "Charlton Ho",
            "display_name": "Charlton Ho",
            "team": "T029DES7R6C",
            "name": "s3845107",
            "is_restricted": false,
            "is_ultra_restricted": false
        },
        "blocks": [
            {
                "type": "rich_text",
                "block_id": "hCZC",
                "elements": [
                    {
                        "type": "rich_text_section",
                        "elements": [
                            {
                                "type": "text",
                                "text": "tried moving actions into one folder, along with reducers, but constantly getting TypeError regarding 'push' from history.push, not sure how to fix this"
                            }
                        ]
                    }
                ]
            }
        ]
    },
    {
        "client_msg_id": "bed9bc63-93fe-4527-9e78-41ed73bd3391",
        "type": "message",
        "text": "sounds frustrating...",
        "user": "U0292DR37SM",
        "ts": "1631881949.001900",
        "team": "T029DES7R6C",
        "user_team": "T029DES7R6C",
        "source_team": "T029DES7R6C",
        "user_profile": {
            "avatar_hash": "d65bfa895e54",
            "image_72": "https:\/\/avatars.slack-edge.com\/2021-07-21\/2295838934866_d65bfa895e54f435d12c_72.jpg",
            "first_name": "s3845295",
            "real_name": "s3845295",
            "display_name": "Roman O'Brien",
            "team": "T029DES7R6C",
            "name": "s3845295",
            "is_restricted": false,
            "is_ultra_restricted": false
        },
        "blocks": [
            {
                "type": "rich_text",
                "block_id": "osab5",
                "elements": [
                    {
                        "type": "rich_text_section",
                        "elements": [
                            {
                                "type": "text",
                                "text": "sounds frustrating..."
                            }
                        ]
                    }
                ]
            }
        ]
    },
    {
        "client_msg_id": "68175c0c-6e24-4466-821d-c69b37d110a3",
        "type": "message",
        "text": "alright so it works in the background, just doesn't want to redirect to the search results page",
        "user": "U028Q0JRT5Z",
        "ts": "1631882003.002500",
        "team": "T029DES7R6C",
        "user_team": "T029DES7R6C",
        "source_team": "T029DES7R6C",
        "user_profile": {
            "avatar_hash": "gc0a0f501264",
            "image_72": "https:\/\/secure.gravatar.com\/avatar\/c0a0f501264ea428e657134ba84f1340.jpg?s=72&d=https%3A%2F%2Fa.slack-edge.com%2Fdf10d%2Fimg%2Favatars%2Fava_0000-72.png",
            "first_name": "",
            "real_name": "Charlton Ho",
            "display_name": "Charlton Ho",
            "team": "T029DES7R6C",
            "name": "s3845107",
            "is_restricted": false,
            "is_ultra_restricted": false
        },
        "blocks": [
            {
                "type": "rich_text",
                "block_id": "qC+s",
                "elements": [
                    {
                        "type": "rich_text_section",
                        "elements": [
                            {
                                "type": "text",
                                "text": "alright so it works in the background, just doesn't want to redirect to the search results page"
                            }
                        ]
                    }
                ]
            }
        ]
    },
    {
        "client_msg_id": "0f6fd9f3-5bab-49eb-b340-1308a285933b",
        "type": "message",
        "text": "was the history.push working with the login or register functions?",
        "user": "U028Q0JRT5Z",
        "ts": "1631882085.003800",
        "team": "T029DES7R6C",
        "user_team": "T029DES7R6C",
        "source_team": "T029DES7R6C",
        "user_profile": {
            "avatar_hash": "gc0a0f501264",
            "image_72": "https:\/\/secure.gravatar.com\/avatar\/c0a0f501264ea428e657134ba84f1340.jpg?s=72&d=https%3A%2F%2Fa.slack-edge.com%2Fdf10d%2Fimg%2Favatars%2Fava_0000-72.png",
            "first_name": "",
            "real_name": "Charlton Ho",
            "display_name": "Charlton Ho",
            "team": "T029DES7R6C",
            "name": "s3845107",
            "is_restricted": false,
            "is_ultra_restricted": false
        },
        "blocks": [
            {
                "type": "rich_text",
                "block_id": "TP2gq",
                "elements": [
                    {
                        "type": "rich_text_section",
                        "elements": [
                            {
                                "type": "text",
                                "text": "was the history.push working with the login or register functions?"
                            }
                        ]
                    }
                ]
            }
        ],
        "reactions": [
            {
                "name": "+1",
                "users": [
                    "U0292DR37SM"
                ],
                "count": 1
            }
        ]
    },
    {
        "client_msg_id": "51bc8c96-444f-4acf-9b02-4ab6a23e36c4",
        "type": "message",
        "text": "yeah it was",
        "user": "U0292DR37SM",
        "ts": "1631882244.004100",
        "team": "T029DES7R6C",
        "user_team": "T029DES7R6C",
        "source_team": "T029DES7R6C",
        "user_profile": {
            "avatar_hash": "d65bfa895e54",
            "image_72": "https:\/\/avatars.slack-edge.com\/2021-07-21\/2295838934866_d65bfa895e54f435d12c_72.jpg",
            "first_name": "s3845295",
            "real_name": "s3845295",
            "display_name": "Roman O'Brien",
            "team": "T029DES7R6C",
            "name": "s3845295",
            "is_restricted": false,
            "is_ultra_restricted": false
        },
        "blocks": [
            {
                "type": "rich_text",
                "block_id": "61v",
                "elements": [
                    {
                        "type": "rich_text_section",
                        "elements": [
                            {
                                "type": "text",
                                "text": "yeah it was"
                            }
                        ]
                    }
                ]
            }
        ]
    },
    {
        "client_msg_id": "6d12ac0e-f071-4190-babb-10574a90baa8",
        "type": "message",
        "text": "but I'm not sure it's needed because you can redirect other ways can't you?",
        "user": "U0292DR37SM",
        "ts": "1631882257.004500",
        "team": "T029DES7R6C",
        "user_team": "T029DES7R6C",
        "source_team": "T029DES7R6C",
        "user_profile": {
            "avatar_hash": "d65bfa895e54",
            "image_72": "https:\/\/avatars.slack-edge.com\/2021-07-21\/2295838934866_d65bfa895e54f435d12c_72.jpg",
            "first_name": "s3845295",
            "real_name": "s3845295",
            "display_name": "Roman O'Brien",
            "team": "T029DES7R6C",
            "name": "s3845295",
            "is_restricted": false,
            "is_ultra_restricted": false
        },
        "blocks": [
            {
                "type": "rich_text",
                "block_id": "hx+bn",
                "elements": [
                    {
                        "type": "rich_text_section",
                        "elements": [
                            {
                                "type": "text",
                                "text": "but I'm not sure it's needed because you can redirect other ways can't you?"
                            }
                        ]
                    }
                ]
            }
        ]
    },
    {
        "client_msg_id": "2292d87a-78cd-488b-b3e7-031d672021d3",
        "type": "message",
        "text": "been a while since I worked on that sorry",
        "user": "U0292DR37SM",
        "ts": "1631882264.004700",
        "team": "T029DES7R6C",
        "user_team": "T029DES7R6C",
        "source_team": "T029DES7R6C",
        "user_profile": {
            "avatar_hash": "d65bfa895e54",
            "image_72": "https:\/\/avatars.slack-edge.com\/2021-07-21\/2295838934866_d65bfa895e54f435d12c_72.jpg",
            "first_name": "s3845295",
            "real_name": "s3845295",
            "display_name": "Roman O'Brien",
            "team": "T029DES7R6C",
            "name": "s3845295",
            "is_restricted": false,
            "is_ultra_restricted": false
        },
        "blocks": [
            {
                "type": "rich_text",
                "block_id": "\/23U1",
                "elements": [
                    {
                        "type": "rich_text_section",
                        "elements": [
                            {
                                "type": "text",
                                "text": "been a while since I worked on that sorry"
                            }
                        ]
                    }
                ]
            }
        ]
    },
    {
        "client_msg_id": "a00b8581-8dd5-43d4-a0cf-8fa0a349f7c8",
        "type": "message",
        "text": "does history.push push the states to a different class for them to be able to display information?",
        "user": "U028Q0JRT5Z",
        "ts": "1631883470.006500",
        "team": "T029DES7R6C",
        "user_team": "T029DES7R6C",
        "source_team": "T029DES7R6C",
        "user_profile": {
            "avatar_hash": "gc0a0f501264",
            "image_72": "https:\/\/secure.gravatar.com\/avatar\/c0a0f501264ea428e657134ba84f1340.jpg?s=72&d=https%3A%2F%2Fa.slack-edge.com%2Fdf10d%2Fimg%2Favatars%2Fava_0000-72.png",
            "first_name": "",
            "real_name": "Charlton Ho",
            "display_name": "Charlton Ho",
            "team": "T029DES7R6C",
            "name": "s3845107",
            "is_restricted": false,
            "is_ultra_restricted": false
        },
        "blocks": [
            {
                "type": "rich_text",
                "block_id": "\/in92",
                "elements": [
                    {
                        "type": "rich_text_section",
                        "elements": [
                            {
                                "type": "text",
                                "text": "does history.push push the states to a different class for them to be able to display information?"
                            }
                        ]
                    }
                ]
            }
        ]
    },
    {
        "client_msg_id": "db3b8629-b3e9-4328-abe1-1777921f0147",
        "type": "message",
        "text": "i can do an onClick event but then the books state data cannot be accessed by SearchResults.js unless we can somehow get it from reducers which i dont know much of",
        "user": "U028Q0JRT5Z",
        "ts": "1631883565.008000",
        "team": "T029DES7R6C",
        "user_team": "T029DES7R6C",
        "source_team": "T029DES7R6C",
        "user_profile": {
            "avatar_hash": "gc0a0f501264",
            "image_72": "https:\/\/secure.gravatar.com\/avatar\/c0a0f501264ea428e657134ba84f1340.jpg?s=72&d=https%3A%2F%2Fa.slack-edge.com%2Fdf10d%2Fimg%2Favatars%2Fava_0000-72.png",
            "first_name": "",
            "real_name": "Charlton Ho",
            "display_name": "Charlton Ho",
            "team": "T029DES7R6C",
            "name": "s3845107",
            "is_restricted": false,
            "is_ultra_restricted": false
        },
        "blocks": [
            {
                "type": "rich_text",
                "block_id": "+DjW",
                "elements": [
                    {
                        "type": "rich_text_section",
                        "elements": [
                            {
                                "type": "text",
                                "text": "i can do an onClick event but then the books state data cannot be accessed by SearchResults.js unless we can somehow get it from reducers which i dont know much of"
                            }
                        ]
                    }
                ]
            }
        ]
    },
    {
        "client_msg_id": "69afc46c-8f9b-44cc-9768-6d256eeba93a",
        "type": "message",
        "text": "I have no idea... I can have a look in a bit - working on the image processing right now",
        "user": "U0292DR37SM",
        "ts": "1631883959.008400",
        "team": "T029DES7R6C",
        "user_team": "T029DES7R6C",
        "source_team": "T029DES7R6C",
        "user_profile": {
            "avatar_hash": "d65bfa895e54",
            "image_72": "https:\/\/avatars.slack-edge.com\/2021-07-21\/2295838934866_d65bfa895e54f435d12c_72.jpg",
            "first_name": "s3845295",
            "real_name": "s3845295",
            "display_name": "Roman O'Brien",
            "team": "T029DES7R6C",
            "name": "s3845295",
            "is_restricted": false,
            "is_ultra_restricted": false
        },
        "blocks": [
            {
                "type": "rich_text",
                "block_id": "\/fCz",
                "elements": [
                    {
                        "type": "rich_text_section",
                        "elements": [
                            {
                                "type": "text",
                                "text": "I have no idea... I can have a look in a bit - working on the image processing right now"
                            }
                        ]
                    }
                ]
            }
        ],
        "reactions": [
            {
                "name": "+1",
                "users": [
                    "U028Q0JRT5Z"
                ],
                "count": 1
            }
        ]
    },
    {
        "client_msg_id": "d2a9dfd7-3aa0-4e69-9880-6796d7602891",
        "type": "message",
        "text": "I can push but ill comment out the methods",
        "user": "U028Q0JRT5Z",
        "ts": "1631884253.009100",
        "team": "T029DES7R6C",
        "user_team": "T029DES7R6C",
        "source_team": "T029DES7R6C",
        "user_profile": {
            "avatar_hash": "gc0a0f501264",
            "image_72": "https:\/\/secure.gravatar.com\/avatar\/c0a0f501264ea428e657134ba84f1340.jpg?s=72&d=https%3A%2F%2Fa.slack-edge.com%2Fdf10d%2Fimg%2Favatars%2Fava_0000-72.png",
            "first_name": "",
            "real_name": "Charlton Ho",
            "display_name": "Charlton Ho",
            "team": "T029DES7R6C",
            "name": "s3845107",
            "is_restricted": false,
            "is_ultra_restricted": false
        },
        "blocks": [
            {
                "type": "rich_text",
                "block_id": "rzO",
                "elements": [
                    {
                        "type": "rich_text_section",
                        "elements": [
                            {
                                "type": "text",
                                "text": "I can push but ill comment out the methods"
                            }
                        ]
                    }
                ]
            }
        ],
        "reactions": [
            {
                "name": "+1",
                "users": [
                    "U0292DR37SM"
                ],
                "count": 1
            }
        ]
    },
    {
        "client_msg_id": "89cea224-e068-47e3-b45f-a475e02e993e",
        "type": "message",
        "text": "imageData is null after search",
        "user": "U028Q0JRT5Z",
        "ts": "1631928132.000500",
        "team": "T029DES7R6C",
        "user_team": "T029DES7R6C",
        "source_team": "T029DES7R6C",
        "user_profile": {
            "avatar_hash": "gc0a0f501264",
            "image_72": "https:\/\/secure.gravatar.com\/avatar\/c0a0f501264ea428e657134ba84f1340.jpg?s=72&d=https%3A%2F%2Fa.slack-edge.com%2Fdf10d%2Fimg%2Favatars%2Fava_0000-72.png",
            "first_name": "",
            "real_name": "Charlton Ho",
            "display_name": "Charlton Ho",
            "team": "T029DES7R6C",
            "name": "s3845107",
            "is_restricted": false,
            "is_ultra_restricted": false
        },
        "blocks": [
            {
                "type": "rich_text",
                "block_id": "0UV",
                "elements": [
                    {
                        "type": "rich_text_section",
                        "elements": [
                            {
                                "type": "text",
                                "text": "imageData is null after search"
                            }
                        ]
                    }
                ]
            }
        ],
        "reactions": [
            {
                "name": "+1",
                "users": [
                    "U0292DR37SM"
                ],
                "count": 1
            }
        ]
    },
    {
        "client_msg_id": "4f5f1f40-c1ce-4e0d-869f-49c55f6b5972",
        "type": "message",
        "text": "very aware of that",
        "user": "U0292DR37SM",
        "ts": "1631928250.000800",
        "team": "T029DES7R6C",
        "user_team": "T029DES7R6C",
        "source_team": "T029DES7R6C",
        "user_profile": {
            "avatar_hash": "d65bfa895e54",
            "image_72": "https:\/\/avatars.slack-edge.com\/2021-07-21\/2295838934866_d65bfa895e54f435d12c_72.jpg",
            "first_name": "s3845295",
            "real_name": "s3845295",
            "display_name": "Roman O'Brien",
            "team": "T029DES7R6C",
            "name": "s3845295",
            "is_restricted": false,
            "is_ultra_restricted": false
        },
        "blocks": [
            {
                "type": "rich_text",
                "block_id": "Sq\/",
                "elements": [
                    {
                        "type": "rich_text_section",
                        "elements": [
                            {
                                "type": "text",
                                "text": "very aware of that"
                            }
                        ]
                    }
                ]
            }
        ]
    },
    {
        "client_msg_id": "c97f2812-9694-4366-bc8e-a45e9f699e89",
        "type": "message",
        "text": "if you're trying to display an image you should be able to just concatenate `imageType + \",\" + imageBlob` which should give you the JSON base64 you need for the browser.. I think",
        "user": "U0292DR37SM",
        "ts": "1631928315.002200",
        "team": "T029DES7R6C",
        "user_team": "T029DES7R6C",
        "source_team": "T029DES7R6C",
        "user_profile": {
            "avatar_hash": "d65bfa895e54",
            "image_72": "https:\/\/avatars.slack-edge.com\/2021-07-21\/2295838934866_d65bfa895e54f435d12c_72.jpg",
            "first_name": "s3845295",
            "real_name": "s3845295",
            "display_name": "Roman O'Brien",
            "team": "T029DES7R6C",
            "name": "s3845295",
            "is_restricted": false,
            "is_ultra_restricted": false
        },
        "blocks": [
            {
                "type": "rich_text",
                "block_id": "VR00",
                "elements": [
                    {
                        "type": "rich_text_section",
                        "elements": [
                            {
                                "type": "text",
                                "text": "if you're trying to display an image you should be able to just concatenate "
                            },
                            {
                                "type": "text",
                                "text": "imageType + \",\" + imageBlob",
                                "style": {
                                    "code": true
                                }
                            },
                            {
                                "type": "text",
                                "text": " which should give you the JSON base64 you need for the browser.. I think"
                            }
                        ]
                    }
                ]
            }
        ]
    },
    {
        "client_msg_id": "b984b1bf-29cd-4958-9260-a6ec2321183a",
        "type": "message",
        "text": "yeah it gives me invalid url for some reason",
        "user": "U028Q0JRT5Z",
        "ts": "1631928373.002500",
        "team": "T029DES7R6C",
        "user_team": "T029DES7R6C",
        "source_team": "T029DES7R6C",
        "user_profile": {
            "avatar_hash": "gc0a0f501264",
            "image_72": "https:\/\/secure.gravatar.com\/avatar\/c0a0f501264ea428e657134ba84f1340.jpg?s=72&d=https%3A%2F%2Fa.slack-edge.com%2Fdf10d%2Fimg%2Favatars%2Fava_0000-72.png",
            "first_name": "",
            "real_name": "Charlton Ho",
            "display_name": "Charlton Ho",
            "team": "T029DES7R6C",
            "name": "s3845107",
            "is_restricted": false,
            "is_ultra_restricted": false
        },
        "blocks": [
            {
                "type": "rich_text",
                "block_id": "cBYU\/",
                "elements": [
                    {
                        "type": "rich_text_section",
                        "elements": [
                            {
                                "type": "text",
                                "text": "yeah it gives me invalid url for some reason"
                            }
                        ]
                    }
                ]
            }
        ]
    },
    {
        "client_msg_id": "818a9d11-9212-43ee-855c-59117efdc955",
        "type": "message",
        "text": "Do you want to call and you can share you screen so I can try and help?",
        "user": "U0292DR37SM",
        "ts": "1631928464.002800",
        "team": "T029DES7R6C",
        "user_team": "T029DES7R6C",
        "source_team": "T029DES7R6C",
        "user_profile": {
            "avatar_hash": "d65bfa895e54",
            "image_72": "https:\/\/avatars.slack-edge.com\/2021-07-21\/2295838934866_d65bfa895e54f435d12c_72.jpg",
            "first_name": "s3845295",
            "real_name": "s3845295",
            "display_name": "Roman O'Brien",
            "team": "T029DES7R6C",
            "name": "s3845295",
            "is_restricted": false,
            "is_ultra_restricted": false
        },
        "blocks": [
            {
                "type": "rich_text",
                "block_id": "4U+a=",
                "elements": [
                    {
                        "type": "rich_text_section",
                        "elements": [
                            {
                                "type": "text",
                                "text": "Do you want to call and you can share you screen so I can try and help?"
                            }
                        ]
                    }
                ]
            }
        ]
    },
    {
        "client_msg_id": "851a6d7f-b1f6-4956-98c0-a7cc8557748d",
        "type": "message",
        "text": "wait i got it, had to use `` instead of '' lol",
        "user": "U028Q0JRT5Z",
        "ts": "1631928552.003200",
        "team": "T029DES7R6C",
        "user_team": "T029DES7R6C",
        "source_team": "T029DES7R6C",
        "user_profile": {
            "avatar_hash": "gc0a0f501264",
            "image_72": "https:\/\/secure.gravatar.com\/avatar\/c0a0f501264ea428e657134ba84f1340.jpg?s=72&d=https%3A%2F%2Fa.slack-edge.com%2Fdf10d%2Fimg%2Favatars%2Fava_0000-72.png",
            "first_name": "",
            "real_name": "Charlton Ho",
            "display_name": "Charlton Ho",
            "team": "T029DES7R6C",
            "name": "s3845107",
            "is_restricted": false,
            "is_ultra_restricted": false
        },
        "blocks": [
            {
                "type": "rich_text",
                "block_id": "d\/rKa",
                "elements": [
                    {
                        "type": "rich_text_section",
                        "elements": [
                            {
                                "type": "text",
                                "text": "wait i got it, had to use `` instead of '' lol"
                            }
                        ]
                    }
                ]
            }
        ]
    },
    {
        "client_msg_id": "e6b2cdd8-9103-4cc8-b12b-7e5254f92f4d",
        "type": "message",
        "text": "lmao wtf",
        "user": "U0292DR37SM",
        "ts": "1631928578.003500",
        "team": "T029DES7R6C",
        "user_team": "T029DES7R6C",
        "source_team": "T029DES7R6C",
        "user_profile": {
            "avatar_hash": "d65bfa895e54",
            "image_72": "https:\/\/avatars.slack-edge.com\/2021-07-21\/2295838934866_d65bfa895e54f435d12c_72.jpg",
            "first_name": "s3845295",
            "real_name": "s3845295",
            "display_name": "Roman O'Brien",
            "team": "T029DES7R6C",
            "name": "s3845295",
            "is_restricted": false,
            "is_ultra_restricted": false
        },
        "blocks": [
            {
                "type": "rich_text",
                "block_id": "4ReH",
                "elements": [
                    {
                        "type": "rich_text_section",
                        "elements": [
                            {
                                "type": "text",
                                "text": "lmao wtf"
                            }
                        ]
                    }
                ]
            }
        ]
    },
    {
        "client_msg_id": "bb9c2307-587c-4ecc-b5d2-8374388d78a6",
        "type": "message",
        "text": "You're working on displaying the image then? Make sure to reassign yourself the task in jira",
        "user": "U0292DR37SM",
        "ts": "1631928616.004100",
        "team": "T029DES7R6C",
        "user_team": "T029DES7R6C",
        "source_team": "T029DES7R6C",
        "user_profile": {
            "avatar_hash": "d65bfa895e54",
            "image_72": "https:\/\/avatars.slack-edge.com\/2021-07-21\/2295838934866_d65bfa895e54f435d12c_72.jpg",
            "first_name": "s3845295",
            "real_name": "s3845295",
            "display_name": "Roman O'Brien",
            "team": "T029DES7R6C",
            "name": "s3845295",
            "is_restricted": false,
            "is_ultra_restricted": false
        },
        "blocks": [
            {
                "type": "rich_text",
                "block_id": "TXkyg",
                "elements": [
                    {
                        "type": "rich_text_section",
                        "elements": [
                            {
                                "type": "text",
                                "text": "You're working on displaying the image then? Make sure to reassign yourself the task in jira"
                            }
                        ]
                    }
                ]
            }
        ]
    },
    {
        "client_msg_id": "96066a80-66a6-4541-85c2-dafea7a999db",
        "type": "message",
        "text": "already updated",
        "user": "U028Q0JRT5Z",
        "ts": "1631929068.004800",
        "team": "T029DES7R6C",
        "user_team": "T029DES7R6C",
        "source_team": "T029DES7R6C",
        "user_profile": {
            "avatar_hash": "gc0a0f501264",
            "image_72": "https:\/\/secure.gravatar.com\/avatar\/c0a0f501264ea428e657134ba84f1340.jpg?s=72&d=https%3A%2F%2Fa.slack-edge.com%2Fdf10d%2Fimg%2Favatars%2Fava_0000-72.png",
            "first_name": "",
            "real_name": "Charlton Ho",
            "display_name": "Charlton Ho",
            "team": "T029DES7R6C",
            "name": "s3845107",
            "is_restricted": false,
            "is_ultra_restricted": false
        },
        "blocks": [
            {
                "type": "rich_text",
                "block_id": "WTVcS",
                "elements": [
                    {
                        "type": "rich_text_section",
                        "elements": [
                            {
                                "type": "text",
                                "text": "already updated"
                            }
                        ]
                    }
                ]
            }
        ],
        "reactions": [
            {
                "name": "heart",
                "users": [
                    "U0292DR37SM"
                ],
                "count": 1
            }
        ]
    },
    {
        "client_msg_id": "634c4618-3938-438c-8d21-f6dc02f0005e",
        "type": "message",
        "text": "which branch? I want to check it out",
        "user": "U0292DR37SM",
        "ts": "1631929116.005200",
        "team": "T029DES7R6C",
        "user_team": "T029DES7R6C",
        "source_team": "T029DES7R6C",
        "user_profile": {
            "avatar_hash": "d65bfa895e54",
            "image_72": "https:\/\/avatars.slack-edge.com\/2021-07-21\/2295838934866_d65bfa895e54f435d12c_72.jpg",
            "first_name": "s3845295",
            "real_name": "s3845295",
            "display_name": "Roman O'Brien",
            "team": "T029DES7R6C",
            "name": "s3845295",
            "is_restricted": false,
            "is_ultra_restricted": false
        },
        "blocks": [
            {
                "type": "rich_text",
                "block_id": "r56C5",
                "elements": [
                    {
                        "type": "rich_text_section",
                        "elements": [
                            {
                                "type": "text",
                                "text": "which branch? I want to check it out"
                            }
                        ]
                    }
                ]
            }
        ]
    },
    {
        "client_msg_id": "1c8df7cc-711c-41d7-9c2b-a478c53b096d",
        "type": "message",
        "text": "view books",
        "user": "U028Q0JRT5Z",
        "ts": "1631929685.005600",
        "team": "T029DES7R6C",
        "user_team": "T029DES7R6C",
        "source_team": "T029DES7R6C",
        "user_profile": {
            "avatar_hash": "gc0a0f501264",
            "image_72": "https:\/\/secure.gravatar.com\/avatar\/c0a0f501264ea428e657134ba84f1340.jpg?s=72&d=https%3A%2F%2Fa.slack-edge.com%2Fdf10d%2Fimg%2Favatars%2Fava_0000-72.png",
            "first_name": "",
            "real_name": "Charlton Ho",
            "display_name": "Charlton Ho",
            "team": "T029DES7R6C",
            "name": "s3845107",
            "is_restricted": false,
            "is_ultra_restricted": false
        },
        "blocks": [
            {
                "type": "rich_text",
                "block_id": "qvn7",
                "elements": [
                    {
                        "type": "rich_text_section",
                        "elements": [
                            {
                                "type": "text",
                                "text": "view books"
                            }
                        ]
                    }
                ]
            }
        ]
    },
    {
        "client_msg_id": "854312ce-07fc-494c-810e-9188e3597844",
        "type": "message",
        "text": "still needs adjusting for the layout which i'm working on now",
        "user": "U028Q0JRT5Z",
        "ts": "1631929759.006300",
        "team": "T029DES7R6C",
        "user_team": "T029DES7R6C",
        "source_team": "T029DES7R6C",
        "user_profile": {
            "avatar_hash": "gc0a0f501264",
            "image_72": "https:\/\/secure.gravatar.com\/avatar\/c0a0f501264ea428e657134ba84f1340.jpg?s=72&d=https%3A%2F%2Fa.slack-edge.com%2Fdf10d%2Fimg%2Favatars%2Fava_0000-72.png",
            "first_name": "",
            "real_name": "Charlton Ho",
            "display_name": "Charlton Ho",
            "team": "T029DES7R6C",
            "name": "s3845107",
            "is_restricted": false,
            "is_ultra_restricted": false
        },
        "blocks": [
            {
                "type": "rich_text",
                "block_id": "Mm=H",
                "elements": [
                    {
                        "type": "rich_text_section",
                        "elements": [
                            {
                                "type": "text",
                                "text": "still needs adjusting for the layout which i'm working on now"
                            }
                        ]
                    }
                ]
            }
        ]
    },
    {
        "client_msg_id": "5ed16dba-4a1d-4508-8706-ee1a0563b24c",
        "type": "message",
        "text": "gotcha",
        "user": "U0292DR37SM",
        "ts": "1631929769.006500",
        "team": "T029DES7R6C",
        "user_team": "T029DES7R6C",
        "source_team": "T029DES7R6C",
        "user_profile": {
            "avatar_hash": "d65bfa895e54",
            "image_72": "https:\/\/avatars.slack-edge.com\/2021-07-21\/2295838934866_d65bfa895e54f435d12c_72.jpg",
            "first_name": "s3845295",
            "real_name": "s3845295",
            "display_name": "Roman O'Brien",
            "team": "T029DES7R6C",
            "name": "s3845295",
            "is_restricted": false,
            "is_ultra_restricted": false
        },
        "blocks": [
            {
                "type": "rich_text",
                "block_id": "rHp",
                "elements": [
                    {
                        "type": "rich_text_section",
                        "elements": [
                            {
                                "type": "text",
                                "text": "gotcha"
                            }
                        ]
                    }
                ]
            }
        ]
    },
    {
        "client_msg_id": "3d4a1e6b-7d6f-47d2-8402-dd9da3956fa6",
        "type": "message",
        "text": "layout for book info is done",
        "user": "U028Q0JRT5Z",
        "ts": "1631940917.006800",
        "team": "T029DES7R6C",
        "user_team": "T029DES7R6C",
        "source_team": "T029DES7R6C",
        "user_profile": {
            "avatar_hash": "gc0a0f501264",
            "image_72": "https:\/\/secure.gravatar.com\/avatar\/c0a0f501264ea428e657134ba84f1340.jpg?s=72&d=https%3A%2F%2Fa.slack-edge.com%2Fdf10d%2Fimg%2Favatars%2Fava_0000-72.png",
            "first_name": "",
            "real_name": "Charlton Ho",
            "display_name": "Charlton Ho",
            "team": "T029DES7R6C",
            "name": "s3845107",
            "is_restricted": false,
            "is_ultra_restricted": false
        },
        "blocks": [
            {
                "type": "rich_text",
                "block_id": "Y8c",
                "elements": [
                    {
                        "type": "rich_text_section",
                        "elements": [
                            {
                                "type": "text",
                                "text": "layout for book info is done"
                            }
                        ]
                    }
                ]
            }
        ]
    },
    {
        "client_msg_id": "c1629f0e-c10b-45ee-9a22-2b8864a08ecd",
        "type": "message",
        "text": "also added image in the search results page",
        "user": "U028Q0JRT5Z",
        "ts": "1631940930.007200",
        "team": "T029DES7R6C",
        "user_team": "T029DES7R6C",
        "source_team": "T029DES7R6C",
        "user_profile": {
            "avatar_hash": "gc0a0f501264",
            "image_72": "https:\/\/secure.gravatar.com\/avatar\/c0a0f501264ea428e657134ba84f1340.jpg?s=72&d=https%3A%2F%2Fa.slack-edge.com%2Fdf10d%2Fimg%2Favatars%2Fava_0000-72.png",
            "first_name": "",
            "real_name": "Charlton Ho",
            "display_name": "Charlton Ho",
            "team": "T029DES7R6C",
            "name": "s3845107",
            "is_restricted": false,
            "is_ultra_restricted": false
        },
        "blocks": [
            {
                "type": "rich_text",
                "block_id": "HByb",
                "elements": [
                    {
                        "type": "rich_text_section",
                        "elements": [
                            {
                                "type": "text",
                                "text": "also added image in the search results page"
                            }
                        ]
                    }
                ]
            }
        ],
        "reactions": [
            {
                "name": "heart",
                "users": [
                    "U0292DR37SM"
                ],
                "count": 1
            }
        ]
    },
    {
        "client_msg_id": "ad105bd8-8e83-4cb9-8728-da0d0997ee6a",
        "type": "message",
        "text": "I got security working",
        "user": "U0292DR37SM",
        "ts": "1631940977.007800",
        "team": "T029DES7R6C",
        "user_team": "T029DES7R6C",
        "source_team": "T029DES7R6C",
        "user_profile": {
            "avatar_hash": "d65bfa895e54",
            "image_72": "https:\/\/avatars.slack-edge.com\/2021-07-21\/2295838934866_d65bfa895e54f435d12c_72.jpg",
            "first_name": "s3845295",
            "real_name": "s3845295",
            "display_name": "Roman O'Brien",
            "team": "T029DES7R6C",
            "name": "s3845295",
            "is_restricted": false,
            "is_ultra_restricted": false
        },
        "blocks": [
            {
                "type": "rich_text",
                "block_id": "xt3",
                "elements": [
                    {
                        "type": "rich_text_section",
                        "elements": [
                            {
                                "type": "text",
                                "text": "I got security working"
                            }
                        ]
                    }
                ]
            }
        ],
        "reactions": [
            {
                "name": "heart",
                "users": [
                    "U028Q0JRT5Z",
                    "U028H1ZCRFG"
                ],
                "count": 2
            }
        ]
    },
    {
        "client_msg_id": "a8fe288c-2994-41ff-b010-370627c041d3",
        "type": "message",
        "text": "the state in the frontEnd now contains the accountRole of the user who's logged in - so we can use that for authenticating pages",
        "user": "U0292DR37SM",
        "ts": "1631940998.008300",
        "team": "T029DES7R6C",
        "user_team": "T029DES7R6C",
        "source_team": "T029DES7R6C",
        "user_profile": {
            "avatar_hash": "d65bfa895e54",
            "image_72": "https:\/\/avatars.slack-edge.com\/2021-07-21\/2295838934866_d65bfa895e54f435d12c_72.jpg",
            "first_name": "s3845295",
            "real_name": "s3845295",
            "display_name": "Roman O'Brien",
            "team": "T029DES7R6C",
            "name": "s3845295",
            "is_restricted": false,
            "is_ultra_restricted": false
        },
        "blocks": [
            {
                "type": "rich_text",
                "block_id": "GFJiW",
                "elements": [
                    {
                        "type": "rich_text_section",
                        "elements": [
                            {
                                "type": "text",
                                "text": "the state in the frontEnd now contains the accountRole of the user who's logged in - so we can use that for authenticating pages"
                            }
                        ]
                    }
                ]
            }
        ]
    },
    {
        "client_msg_id": "49723388-c22d-4e5b-9445-58da6f36ce79",
        "type": "message",
        "text": "I think i'll leave that for next sprint though",
        "user": "U0292DR37SM",
        "ts": "1631941019.008600",
        "team": "T029DES7R6C",
        "user_team": "T029DES7R6C",
        "source_team": "T029DES7R6C",
        "user_profile": {
            "avatar_hash": "d65bfa895e54",
            "image_72": "https:\/\/avatars.slack-edge.com\/2021-07-21\/2295838934866_d65bfa895e54f435d12c_72.jpg",
            "first_name": "s3845295",
            "real_name": "s3845295",
            "display_name": "Roman O'Brien",
            "team": "T029DES7R6C",
            "name": "s3845295",
            "is_restricted": false,
            "is_ultra_restricted": false
        },
        "blocks": [
            {
                "type": "rich_text",
                "block_id": "BXZ",
                "elements": [
                    {
                        "type": "rich_text_section",
                        "elements": [
                            {
                                "type": "text",
                                "text": "I think i'll leave that for next sprint though"
                            }
                        ]
                    }
                ]
            }
        ]
    },
    {
        "client_msg_id": "e4565283-932e-45ed-b83f-ddf78ef85962",
        "type": "message",
        "text": "not sure how to tackle reacting testing, all the guides i found use the actions and reducers to test but it's currently not working",
        "user": "U028Q0JRT5Z",
        "ts": "1631941151.009800",
        "team": "T029DES7R6C",
        "user_team": "T029DES7R6C",
        "source_team": "T029DES7R6C",
        "user_profile": {
            "avatar_hash": "gc0a0f501264",
            "image_72": "https:\/\/secure.gravatar.com\/avatar\/c0a0f501264ea428e657134ba84f1340.jpg?s=72&d=https%3A%2F%2Fa.slack-edge.com%2Fdf10d%2Fimg%2Favatars%2Fava_0000-72.png",
            "first_name": "",
            "real_name": "Charlton Ho",
            "display_name": "Charlton Ho",
            "team": "T029DES7R6C",
            "name": "s3845107",
            "is_restricted": false,
            "is_ultra_restricted": false
        },
        "blocks": [
            {
                "type": "rich_text",
                "block_id": "\/dK=E",
                "elements": [
                    {
                        "type": "rich_text_section",
                        "elements": [
                            {
                                "type": "text",
                                "text": "not sure how to tackle reacting testing, all the guides i found use the actions and reducers to test but it's currently not working"
                            }
                        ]
                    }
                ]
            }
        ]
    },
    {
        "client_msg_id": "29a3b3ea-0aaa-4ff2-9a13-44604017f2d5",
        "type": "message",
        "text": "Maybe leave that to last then",
        "user": "U0292DR37SM",
        "ts": "1631941351.010000",
        "team": "T029DES7R6C",
        "user_team": "T029DES7R6C",
        "source_team": "T029DES7R6C",
        "user_profile": {
            "avatar_hash": "d65bfa895e54",
            "image_72": "https:\/\/avatars.slack-edge.com\/2021-07-21\/2295838934866_d65bfa895e54f435d12c_72.jpg",
            "first_name": "s3845295",
            "real_name": "s3845295",
            "display_name": "Roman O'Brien",
            "team": "T029DES7R6C",
            "name": "s3845295",
            "is_restricted": false,
            "is_ultra_restricted": false
        },
        "blocks": [
            {
                "type": "rich_text",
                "block_id": "HibPS",
                "elements": [
                    {
                        "type": "rich_text_section",
                        "elements": [
                            {
                                "type": "text",
                                "text": "Maybe leave that to last then"
                            }
                        ]
                    }
                ]
            }
        ]
    },
    {
        "client_msg_id": "0bb569ec-27af-4f7e-8e82-678e9de63131",
        "type": "message",
        "text": "i found that calling this.props.history returns undefined in the console, but that's the opposite when having actions in the same location which is very weird",
        "user": "U028Q0JRT5Z",
        "ts": "1631944636.011600",
        "team": "T029DES7R6C",
        "user_team": "T029DES7R6C",
        "source_team": "T029DES7R6C",
        "user_profile": {
            "avatar_hash": "gc0a0f501264",
            "image_72": "https:\/\/secure.gravatar.com\/avatar\/c0a0f501264ea428e657134ba84f1340.jpg?s=72&d=https%3A%2F%2Fa.slack-edge.com%2Fdf10d%2Fimg%2Favatars%2Fava_0000-72.png",
            "first_name": "",
            "real_name": "Charlton Ho",
            "display_name": "Charlton Ho",
            "team": "T029DES7R6C",
            "name": "s3845107",
            "is_restricted": false,
            "is_ultra_restricted": false
        },
        "blocks": [
            {
                "type": "rich_text",
                "block_id": "fsnwR",
                "elements": [
                    {
                        "type": "rich_text_section",
                        "elements": [
                            {
                                "type": "text",
                                "text": "i found that calling this.props.history returns undefined in the console, but that's the opposite when having actions in the same location which is very weird"
                            }
                        ]
                    }
                ]
            }
        ],
        "reactions": [
            {
                "name": "thinking_face",
                "users": [
                    "U0292DR37SM"
                ],
                "count": 1
            }
        ]
    }
]