[
    {
        "type": "message",
        "text": "<@U028Q0JRT5Z> Do you know what `dispatch` does in JavaScript? Trying to understand this piece of code in securityActions.js",
        "files": [
            {
                "id": "F02DQ4WL3H9",
                "created": 1631075507,
                "timestamp": 1631075507,
                "name": "image.png",
                "title": "image.png",
                "mimetype": "image\/png",
                "filetype": "png",
                "pretty_type": "PNG",
                "user": "U0292DR37SM",
                "editable": false,
                "size": 9641,
                "mode": "hosted",
                "is_external": false,
                "external_type": "",
                "is_public": true,
                "public_url_shared": false,
                "display_as_bot": false,
                "username": "",
                "url_private": "https:\/\/files.slack.com\/files-pri\/T029DES7R6C-F02DQ4WL3H9\/image.png?t=xoxe-2319502263216-2503669125045-2506678109635-aa30a433328c78366c105f180f69b1b8",
                "url_private_download": "https:\/\/files.slack.com\/files-pri\/T029DES7R6C-F02DQ4WL3H9\/download\/image.png?t=xoxe-2319502263216-2503669125045-2506678109635-aa30a433328c78366c105f180f69b1b8",
                "thumb_64": "https:\/\/files.slack.com\/files-tmb\/T029DES7R6C-F02DQ4WL3H9-0407b4900f\/image_64.png?t=xoxe-2319502263216-2503669125045-2506678109635-aa30a433328c78366c105f180f69b1b8",
                "thumb_80": "https:\/\/files.slack.com\/files-tmb\/T029DES7R6C-F02DQ4WL3H9-0407b4900f\/image_80.png?t=xoxe-2319502263216-2503669125045-2506678109635-aa30a433328c78366c105f180f69b1b8",
                "thumb_360": "https:\/\/files.slack.com\/files-tmb\/T029DES7R6C-F02DQ4WL3H9-0407b4900f\/image_360.png?t=xoxe-2319502263216-2503669125045-2506678109635-aa30a433328c78366c105f180f69b1b8",
                "thumb_360_w": 360,
                "thumb_360_h": 98,
                "thumb_160": "https:\/\/files.slack.com\/files-tmb\/T029DES7R6C-F02DQ4WL3H9-0407b4900f\/image_160.png?t=xoxe-2319502263216-2503669125045-2506678109635-aa30a433328c78366c105f180f69b1b8",
                "original_w": 413,
                "original_h": 112,
                "thumb_tiny": "AwANADDQFOptOpDG45pfwNGBRgelABx6GjFLRQB\/\/9k=",
                "permalink": "https:\/\/septteam3.slack.com\/files\/U0292DR37SM\/F02DQ4WL3H9\/image.png",
                "permalink_public": "https:\/\/slack-files.com\/T029DES7R6C-F02DQ4WL3H9-f0d6e9e913",
                "is_starred": false,
                "has_rich_preview": false
            }
        ],
        "upload": false,
        "blocks": [
            {
                "type": "rich_text",
                "block_id": "Z4B9e",
                "elements": [
                    {
                        "type": "rich_text_section",
                        "elements": [
                            {
                                "type": "user",
                                "user_id": "U028Q0JRT5Z"
                            },
                            {
                                "type": "text",
                                "text": " Do you know what "
                            },
                            {
                                "type": "text",
                                "text": "dispatch",
                                "style": {
                                    "code": true
                                }
                            },
                            {
                                "type": "text",
                                "text": " does in JavaScript? Trying to understand this piece of code in securityActions.js"
                            }
                        ]
                    }
                ]
            }
        ],
        "user": "U0292DR37SM",
        "display_as_bot": false,
        "ts": "1631075520.000700"
    },
    {
        "type": "message",
        "text": "Ah it's from redux",
        "files": [
            {
                "id": "F02E2PGKTC1",
                "created": 1631075819,
                "timestamp": 1631075819,
                "name": "image.png",
                "title": "image.png",
                "mimetype": "image\/png",
                "filetype": "png",
                "pretty_type": "PNG",
                "user": "U0292DR37SM",
                "editable": false,
                "size": 63067,
                "mode": "hosted",
                "is_external": false,
                "external_type": "",
                "is_public": true,
                "public_url_shared": false,
                "display_as_bot": false,
                "username": "",
                "url_private": "https:\/\/files.slack.com\/files-pri\/T029DES7R6C-F02E2PGKTC1\/image.png?t=xoxe-2319502263216-2503669125045-2506678109635-aa30a433328c78366c105f180f69b1b8",
                "url_private_download": "https:\/\/files.slack.com\/files-pri\/T029DES7R6C-F02E2PGKTC1\/download\/image.png?t=xoxe-2319502263216-2503669125045-2506678109635-aa30a433328c78366c105f180f69b1b8",
                "thumb_64": "https:\/\/files.slack.com\/files-tmb\/T029DES7R6C-F02E2PGKTC1-a320ae7aca\/image_64.png?t=xoxe-2319502263216-2503669125045-2506678109635-aa30a433328c78366c105f180f69b1b8",
                "thumb_80": "https:\/\/files.slack.com\/files-tmb\/T029DES7R6C-F02E2PGKTC1-a320ae7aca\/image_80.png?t=xoxe-2319502263216-2503669125045-2506678109635-aa30a433328c78366c105f180f69b1b8",
                "thumb_360": "https:\/\/files.slack.com\/files-tmb\/T029DES7R6C-F02E2PGKTC1-a320ae7aca\/image_360.png?t=xoxe-2319502263216-2503669125045-2506678109635-aa30a433328c78366c105f180f69b1b8",
                "thumb_360_w": 360,
                "thumb_360_h": 152,
                "thumb_480": "https:\/\/files.slack.com\/files-tmb\/T029DES7R6C-F02E2PGKTC1-a320ae7aca\/image_480.png?t=xoxe-2319502263216-2503669125045-2506678109635-aa30a433328c78366c105f180f69b1b8",
                "thumb_480_w": 480,
                "thumb_480_h": 203,
                "thumb_160": "https:\/\/files.slack.com\/files-tmb\/T029DES7R6C-F02E2PGKTC1-a320ae7aca\/image_160.png?t=xoxe-2319502263216-2503669125045-2506678109635-aa30a433328c78366c105f180f69b1b8",
                "thumb_720": "https:\/\/files.slack.com\/files-tmb\/T029DES7R6C-F02E2PGKTC1-a320ae7aca\/image_720.png?t=xoxe-2319502263216-2503669125045-2506678109635-aa30a433328c78366c105f180f69b1b8",
                "thumb_720_w": 720,
                "thumb_720_h": 304,
                "thumb_800": "https:\/\/files.slack.com\/files-tmb\/T029DES7R6C-F02E2PGKTC1-a320ae7aca\/image_800.png?t=xoxe-2319502263216-2503669125045-2506678109635-aa30a433328c78366c105f180f69b1b8",
                "thumb_800_w": 800,
                "thumb_800_h": 338,
                "thumb_960": "https:\/\/files.slack.com\/files-tmb\/T029DES7R6C-F02E2PGKTC1-a320ae7aca\/image_960.png?t=xoxe-2319502263216-2503669125045-2506678109635-aa30a433328c78366c105f180f69b1b8",
                "thumb_960_w": 960,
                "thumb_960_h": 406,
                "original_w": 968,
                "original_h": 409,
                "thumb_tiny": "AwAUADC\/gg5C\/rTtzelZTW05Y\/I3X1FN+y3H\/PNvzFAGsGY9v0pct6fpWR9luP8AnmfzFH2S4\/55t+YoA18t7Uoz3FY\/2S4\/55t+dAtLjP8Aq2\/OgDW2jNG0UtFACbRmnbR6UDrS0AJtHpRtHpS0UAf\/2Q==",
                "permalink": "https:\/\/septteam3.slack.com\/files\/U0292DR37SM\/F02E2PGKTC1\/image.png",
                "permalink_public": "https:\/\/slack-files.com\/T029DES7R6C-F02E2PGKTC1-ed0dfcc3fb",
                "is_starred": false,
                "has_rich_preview": false
            }
        ],
        "upload": false,
        "blocks": [
            {
                "type": "rich_text",
                "block_id": "Cd\/",
                "elements": [
                    {
                        "type": "rich_text_section",
                        "elements": [
                            {
                                "type": "text",
                                "text": "Ah it's from redux"
                            }
                        ]
                    }
                ]
            }
        ],
        "user": "U0292DR37SM",
        "display_as_bot": false,
        "ts": "1631075824.001100"
    }
]